t,W
2024-03-10 18:30:00,0.0
2024-03-10 19:14:00,510.2
2024-03-10 19:15:00,1050.7
2024-03-10 19:16:00,770.1
2024-03-10 19:17:00,842.8
2024-03-10 19:21:00,926.8
2024-03-10 19:22:00,486.8
2024-03-10 19:23:00,488.7
2024-03-10 19:24:00,466.4
2024-03-10 19:25:00,402.8
2024-03-10 19:26:00,392.3
2024-03-10 19:27:00,426.3
2024-03-10 19:28:00,422.1
2024-03-10 19:29:00,565.0
2024-03-10 19:30:00,944.9
2024-03-10 19:31:00,412.5
2024-03-10 19:32:00,410.9
2024-03-10 19:33:00,422.3
2024-03-10 19:34:00,402.9
2024-03-10 19:35:00,403.3
2024-03-10 19:36:00,400.4
2024-03-10 19:37:00,399.7
2024-03-10 19:38:00,400.2
2024-03-10 19:39:00,398.5
2024-03-10 19:40:00,397.4
2024-03-10 19:41:00,400.4
2024-03-10 19:42:00,397.9
2024-03-10 19:43:00,398.5
2024-03-10 19:44:00,1018.2
2024-03-10 19:45:00,398.7
2024-03-10 19:46:00,403.5
2024-03-10 19:47:00,402.9
2024-03-10 19:48:00,412.0
2024-03-10 19:49:00,401.7
2024-03-10 19:50:00,399.4
2024-03-10 19:51:00,397.6
2024-03-10 19:52:00,418.9
2024-03-10 19:53:00,417.3
2024-03-10 19:54:00,411.8
2024-03-10 19:55:00,341.7
2024-03-10 19:56:00,337.4
2024-03-10 19:57:00,404.0
2024-03-10 19:58:00,827.7
2024-03-10 19:59:00,364.8
2024-03-10 20:00:00,381.5
2024-03-10 20:01:00,381.5
2024-03-10 20:02:00,415.7
2024-03-10 20:03:00,1620.5
2024-03-10 20:04:00,2420.6
2024-03-10 20:05:00,2369.0
2024-03-10 20:06:00,3799.1
2024-03-10 20:07:00,3338.3
2024-03-10 20:08:00,480.6
2024-03-10 20:09:00,574.0
2024-03-10 20:10:00,516.7
2024-03-10 20:11:00,880.9
2024-03-10 20:12:00,694.8
2024-03-10 20:13:00,501.2
2024-03-10 20:14:00,479.5
2024-03-10 20:15:00,493.8
2024-03-10 20:16:00,1337.9
2024-03-10 20:17:00,1154.2
2024-03-10 20:18:00,442.2
2024-03-10 20:19:00,443.6
2024-03-10 20:20:00,439.2
2024-03-10 20:21:00,381.4
2024-03-10 20:22:00,905.6
2024-03-10 20:23:00,376.8
2024-03-10 20:24:00,895.0
2024-03-10 20:25:00,1146.9
2024-03-10 20:26:00,387.0
2024-03-10 20:27:00,373.3
2024-03-10 20:28:00,398.9
2024-03-10 20:29:00,372.1
2024-03-10 20:30:00,374.0
2024-03-10 20:31:00,370.7
2024-03-10 20:32:00,446.2
2024-03-10 20:33:00,373.5
2024-03-10 20:34:00,375.9
2024-03-10 20:35:00,373.0
2024-03-10 20:36:00,513.7
2024-03-10 20:37:00,861.3
2024-03-10 20:38:00,399.5
2024-03-10 20:39:00,386.5
2024-03-10 20:40:00,403.6
2024-03-10 20:41:00,397.3
2024-03-10 20:42:00,416.3
2024-03-10 20:43:00,456.5
2024-03-10 20:44:00,463.2
2024-03-10 20:45:00,500.5
2024-03-10 20:46:00,570.5
2024-03-10 20:47:00,407.7
2024-03-10 20:48:00,1847.7
2024-03-10 20:49:00,3372.3
2024-03-10 20:50:00,2892.8
2024-03-10 20:51:00,2890.3
2024-03-10 20:52:00,2887.8
2024-03-10 20:53:00,2889.2
2024-03-10 20:54:00,2890.5
2024-03-10 20:55:00,2695.2
2024-03-10 20:56:00,2682.1
2024-03-10 20:57:00,2508.4
2024-03-10 20:58:00,1201.2
2024-03-10 20:59:00,2401.7
2024-03-10 21:00:00,2923.5
2024-03-10 21:01:00,2068.7
2024-03-10 21:02:00,882.6
2024-03-10 21:03:00,2470.8
2024-03-10 21:04:00,1884.8
2024-03-10 21:05:00,1094.9
2024-03-10 21:06:00,2534.7
2024-03-10 21:07:00,1366.8
2024-03-10 21:08:00,1459.2
2024-03-10 21:09:00,2648.6
2024-03-10 21:10:00,578.4
2024-03-10 21:11:00,2907.5
2024-03-10 21:12:00,1700.7
2024-03-10 21:13:00,503.7
2024-03-10 21:14:00,485.3
2024-03-10 21:15:00,518.7
2024-03-10 21:16:00,542.3
2024-03-10 21:17:00,543.3
2024-03-10 21:18:00,630.5
2024-03-10 21:19:00,603.0
2024-03-10 21:20:00,669.9
2024-03-10 21:21:00,663.2
2024-03-10 21:22:00,1097.7
2024-03-10 21:23:00,632.4
2024-03-10 21:24:00,579.1
2024-03-10 21:25:00,616.4
2024-03-10 21:26:00,604.7
2024-03-10 21:27:00,609.4
2024-03-10 21:28:00,621.6
2024-03-10 21:29:00,591.0
2024-03-10 21:30:00,736.6
2024-03-10 21:31:00,770.9
2024-03-10 21:32:00,799.1
2024-03-10 21:33:00,915.6
2024-03-10 21:34:00,528.8
2024-03-10 21:35:00,524.9
2024-03-10 21:36:00,526.9
2024-03-10 21:37:00,476.7
2024-03-10 21:38:00,474.9
2024-03-10 21:39:00,464.7
2024-03-10 21:40:00,477.5
2024-03-10 21:41:00,479.9
2024-03-10 21:42:00,595.7
2024-03-10 21:43:00,973.4
2024-03-10 21:44:00,457.7
2024-03-10 21:45:00,421.3
2024-03-10 21:46:00,372.8
2024-03-10 21:47:00,369.2
2024-03-10 21:48:00,354.0
2024-03-10 21:49:00,353.9
2024-03-10 21:50:00,324.4
2024-03-10 21:51:00,310.7
2024-03-10 21:52:00,397.5
2024-03-10 21:53:00,839.4
2024-03-10 21:54:00,352.3
2024-03-10 21:55:00,353.4
2024-03-10 21:56:00,351.8
2024-03-10 21:57:00,349.4
2024-03-10 21:58:00,346.6
2024-03-10 21:59:00,351.5
2024-03-10 22:00:00,415.9
2024-03-10 22:01:00,472.5
2024-03-10 22:02:00,933.9
2024-03-10 22:03:00,1921.4
2024-03-10 22:04:00,1396.3
2024-03-10 22:05:00,1393.1
2024-03-10 22:06:00,1394.7
2024-03-10 22:07:00,1395.9
2024-03-10 22:08:00,1418.2
2024-03-10 22:09:00,1458.2
2024-03-10 22:10:00,1404.4
2024-03-10 22:11:00,1376.7
2024-03-10 22:12:00,1698.9
2024-03-10 22:13:00,1543.7
2024-03-10 22:14:00,1316.1
2024-03-10 22:15:00,1309.6
2024-03-10 22:16:00,1144.8
2024-03-10 22:17:00,523.3
2024-03-10 22:18:00,583.8
2024-03-10 22:19:00,591.0
2024-03-10 22:20:00,446.7
2024-03-10 22:21:00,397.1
2024-03-10 22:22:00,985.4
2024-03-10 22:23:00,461.7
2024-03-10 22:24:00,498.2
2024-03-10 22:25:00,589.9
2024-03-10 22:26:00,659.5
2024-03-10 22:27:00,662.7
2024-03-10 22:28:00,547.7
2024-03-10 22:29:00,535.3
2024-03-10 22:30:00,628.9
2024-03-10 22:31:00,648.5
2024-03-10 22:32:00,984.2
2024-03-10 22:33:00,668.7
2024-03-10 22:34:00,606.4
2024-03-10 22:35:00,936.9
2024-03-10 22:36:00,2530.4
2024-03-10 22:37:00,2483.0
2024-03-10 22:38:00,2375.4
2024-03-10 22:39:00,2366.4
2024-03-10 22:40:00,2418.6
2024-03-10 22:41:00,2992.5
2024-03-10 22:42:00,2604.1
2024-03-10 22:43:00,2512.3
2024-03-10 22:44:00,1337.8
2024-03-10 22:45:00,480.7
2024-03-10 22:46:00,465.2
2024-03-10 22:47:00,459.1
2024-03-10 22:48:00,482.8
2024-03-10 22:49:00,558.3
2024-03-10 22:50:00,893.4
2024-03-10 22:51:00,924.7
2024-03-10 22:52:00,633.0
2024-03-10 22:53:00,1598.1
2024-03-10 22:54:00,2342.8
2024-03-10 22:55:00,2313.4
2024-03-10 22:56:00,2307.9
2024-03-10 22:57:00,2312.9
2024-03-10 22:58:00,2314.4
2024-03-10 22:59:00,2531.1
2024-03-10 23:00:00,2294.4
2024-03-10 23:01:00,389.6
2024-03-10 23:02:00,400.0
2024-03-10 23:03:00,2224.5
2024-03-10 23:04:00,2378.4
2024-03-10 23:05:00,2282.4
2024-03-10 23:06:00,1033.0
2024-03-10 23:07:00,396.1
2024-03-10 23:08:00,875.0
2024-03-10 23:09:00,2922.5
2024-03-10 23:10:00,2257.1
2024-03-10 23:11:00,2247.6
2024-03-10 23:12:00,2235.6
2024-03-10 23:13:00,2244.3
2024-03-10 23:14:00,1057.8
2024-03-10 23:15:00,446.8
2024-03-10 23:16:00,444.1
2024-03-10 23:17:00,486.6
2024-03-10 23:18:00,2500.7
2024-03-10 23:19:00,2338.1
2024-03-10 23:20:00,1016.4
2024-03-10 23:21:00,427.4
2024-03-10 23:22:00,414.2
2024-03-10 23:23:00,413.2
2024-03-10 23:24:00,407.4
2024-03-10 23:25:00,431.2
2024-03-10 23:26:00,508.3
2024-03-10 23:27:00,1091.6
2024-03-10 23:28:00,525.0
2024-03-10 23:29:00,413.3
2024-03-10 23:30:00,413.7
2024-03-10 23:31:00,411.3
2024-03-10 23:32:00,410.2
2024-03-10 23:33:00,378.4
2024-03-10 23:34:00,383.5
2024-03-10 23:35:00,402.7
2024-03-10 23:36:00,776.8
2024-03-10 23:37:00,675.1
2024-03-10 23:38:00,437.3
2024-03-10 23:39:00,340.9
2024-03-10 23:40:00,320.7
2024-03-10 23:41:00,295.4
2024-03-10 23:42:00,362.3
2024-03-10 23:43:00,310.3
2024-03-10 23:44:00,312.6
2024-03-10 23:45:00,646.6
2024-03-10 23:46:00,551.7
2024-03-10 23:47:00,328.0
2024-03-10 23:48:00,324.5
2024-03-10 23:49:00,311.3
2024-03-10 23:50:00,295.6
2024-03-10 23:51:00,281.6
2024-03-10 23:52:00,275.1
2024-03-10 23:53:00,250.4
2024-03-10 23:54:00,461.9
2024-03-10 23:55:00,589.1
2024-03-10 23:56:00,242.9
2024-03-10 23:57:00,243.3
2024-03-10 23:58:00,269.7
2024-03-10 23:59:00,263.0
2024-03-11 00:00:00,266.5
2024-03-11 00:01:00,268.7
2024-03-11 00:02:00,269.1
2024-03-11 00:03:00,436.8
2024-03-11 00:04:00,678.9
2024-03-11 00:05:00,271.1
2024-03-11 00:06:00,270.3
2024-03-11 00:07:00,271.1
2024-03-11 00:08:00,270.9
2024-03-11 00:09:00,269.5
2024-03-11 00:10:00,268.7
2024-03-11 00:11:00,266.5
2024-03-11 00:12:00,542.0
2024-03-11 00:13:00,703.5
2024-03-11 00:14:00,260.6
2024-03-11 00:15:00,235.4
2024-03-11 00:16:00,233.8
2024-03-11 00:17:00,233.6
2024-03-11 00:18:00,232.5
2024-03-11 00:19:00,230.9
2024-03-11 00:20:00,230.3
2024-03-11 00:21:00,425.8
2024-03-11 00:22:00,589.4
2024-03-11 00:23:00,227.6
2024-03-11 00:24:00,226.0
2024-03-11 00:25:00,226.5
2024-03-11 00:26:00,225.9
2024-03-11 00:27:00,225.0
2024-03-11 00:28:00,224.3
2024-03-11 00:29:00,223.9
2024-03-11 00:30:00,481.6
2024-03-11 00:31:00,635.6
2024-03-11 00:32:00,222.8
2024-03-11 00:33:00,223.9
2024-03-11 00:34:00,223.2
2024-03-11 00:35:00,224.2
2024-03-11 00:36:00,223.4
2024-03-11 00:37:00,222.6
2024-03-11 00:38:00,232.9
2024-03-11 00:39:00,367.6
2024-03-11 00:40:00,635.3
2024-03-11 00:41:00,221.5
2024-03-11 00:42:00,221.7
2024-03-11 00:43:00,222.2
2024-03-11 00:44:00,222.9
2024-03-11 00:45:00,220.7
2024-03-11 00:46:00,220.7
2024-03-11 00:47:00,221.0
2024-03-11 00:48:00,364.1
2024-03-11 00:49:00,633.1
2024-03-11 00:50:00,219.5
2024-03-11 00:51:00,219.9
2024-03-11 00:52:00,219.2
2024-03-11 00:53:00,219.5
2024-03-11 00:54:00,219.9
2024-03-11 00:55:00,219.4
2024-03-11 00:56:00,218.9
2024-03-11 00:57:00,321.8
2024-03-11 00:58:00,677.4
2024-03-11 00:59:00,218.1
2024-03-11 01:00:00,327.5
2024-03-11 01:01:00,228.0
2024-03-11 01:02:00,232.6
2024-03-11 01:03:00,237.0
2024-03-11 01:04:00,237.6
2024-03-11 01:05:00,238.4
2024-03-11 01:06:00,486.3
2024-03-11 01:07:00,692.0
2024-03-11 01:08:00,238.7
2024-03-11 01:09:00,238.1
2024-03-11 01:10:00,237.8
2024-03-11 01:11:00,237.2
2024-03-11 01:12:00,236.7
2024-03-11 01:13:00,236.2
2024-03-11 01:14:00,235.4
2024-03-11 01:15:00,348.2
2024-03-11 01:16:00,741.2
2024-03-11 01:17:00,234.6
2024-03-11 01:18:00,211.1
2024-03-11 01:19:00,207.5
2024-03-11 01:20:00,208.3
2024-03-11 01:21:00,208.4
2024-03-11 01:22:00,207.5
2024-03-11 01:23:00,206.1
2024-03-11 01:24:00,205.8
2024-03-11 01:25:00,775.4
2024-03-11 01:26:00,204.7
2024-03-11 01:27:00,203.8
2024-03-11 01:28:00,203.2
2024-03-11 01:29:00,203.3
2024-03-11 01:30:00,201.5
2024-03-11 01:31:00,202.4
2024-03-11 01:32:00,202.6
2024-03-11 01:33:00,201.7
2024-03-11 01:34:00,775.8
2024-03-11 01:35:00,201.5
2024-03-11 01:36:00,202.7
2024-03-11 01:37:00,201.8
2024-03-11 01:38:00,200.1
2024-03-11 01:39:00,200.4
2024-03-11 01:40:00,199.7
2024-03-11 01:41:00,200.6
2024-03-11 01:42:00,217.0
2024-03-11 01:43:00,784.1
2024-03-11 01:44:00,262.7
2024-03-11 01:45:00,246.5
2024-03-11 01:46:00,198.5
2024-03-11 01:47:00,199.5
2024-03-11 01:48:00,198.1
2024-03-11 01:49:00,198.4
2024-03-11 01:50:00,198.1
2024-03-11 01:51:00,196.5
2024-03-11 01:52:00,628.4
2024-03-11 01:53:00,300.4
2024-03-11 01:54:00,198.3
2024-03-11 01:55:00,197.3
2024-03-11 01:56:00,202.7
2024-03-11 01:57:00,218.9
2024-03-11 01:58:00,215.6
2024-03-11 01:59:00,223.1
2024-03-11 02:00:00,225.4
2024-03-11 02:01:00,704.0
2024-03-11 02:02:00,340.0
2024-03-11 02:03:00,227.7
2024-03-11 02:04:00,226.3
2024-03-11 02:05:00,229.3
2024-03-11 02:06:00,228.8
2024-03-11 02:07:00,227.9
2024-03-11 02:08:00,227.7
2024-03-11 02:09:00,228.2
2024-03-11 02:10:00,652.5
2024-03-11 02:11:00,396.5
2024-03-11 02:12:00,228.3
2024-03-11 02:13:00,229.4
2024-03-11 02:14:00,229.0
2024-03-11 02:15:00,229.9
2024-03-11 02:16:00,230.4
2024-03-11 02:17:00,313.6
2024-03-11 02:18:00,322.7
2024-03-11 02:19:00,581.7
2024-03-11 02:20:00,502.9
2024-03-11 02:21:00,219.0
2024-03-11 02:22:00,219.4
2024-03-11 02:23:00,220.6
2024-03-11 02:24:00,218.3
2024-03-11 02:25:00,217.3
2024-03-11 02:26:00,217.2
2024-03-11 02:27:00,218.5
2024-03-11 02:28:00,443.5
2024-03-11 02:29:00,571.3
2024-03-11 02:30:00,220.3
2024-03-11 02:31:00,221.1
2024-03-11 02:32:00,222.7
2024-03-11 02:33:00,220.5
2024-03-11 02:34:00,220.4
2024-03-11 02:35:00,222.0
2024-03-11 02:36:00,195.9
2024-03-11 02:37:00,299.1
2024-03-11 02:38:00,660.4
2024-03-11 02:39:00,194.9
2024-03-11 02:40:00,194.6
2024-03-11 02:41:00,194.5
2024-03-11 02:42:00,195.9
2024-03-11 02:43:00,195.2
2024-03-11 02:44:00,196.3
2024-03-11 02:45:00,197.1
2024-03-11 02:46:00,197.6
2024-03-11 02:47:00,818.1
2024-03-11 02:48:00,204.2
2024-03-11 02:49:00,196.1
2024-03-11 02:50:00,195.5
2024-03-11 02:51:00,196.4
2024-03-11 02:52:00,196.8
2024-03-11 02:53:00,197.4
2024-03-11 02:54:00,195.9
2024-03-11 02:55:00,195.6
2024-03-11 02:56:00,618.9
2024-03-11 02:57:00,340.0
2024-03-11 02:58:00,195.5
2024-03-11 02:59:00,194.6
2024-03-11 03:00:00,195.7
2024-03-11 03:01:00,195.0
2024-03-11 03:02:00,194.5
2024-03-11 03:03:00,195.6
2024-03-11 03:04:00,197.4
2024-03-11 03:05:00,520.5
2024-03-11 03:06:00,438.3
2024-03-11 03:07:00,198.3
2024-03-11 03:08:00,199.9
2024-03-11 03:09:00,199.6
2024-03-11 03:10:00,197.3
2024-03-11 03:11:00,198.4
2024-03-11 03:12:00,197.8
2024-03-11 03:13:00,207.2
2024-03-11 03:14:00,432.5
2024-03-11 03:15:00,613.9
2024-03-11 03:16:00,219.0
2024-03-11 03:17:00,220.1
2024-03-11 03:18:00,218.5
2024-03-11 03:19:00,235.8
2024-03-11 03:20:00,218.8
2024-03-11 03:21:00,218.0
2024-03-11 03:22:00,218.1
2024-03-11 03:23:00,218.8
2024-03-11 03:24:00,843.7
2024-03-11 03:25:00,219.3
2024-03-11 03:26:00,219.8
2024-03-11 03:27:00,220.4
2024-03-11 03:28:00,219.5
2024-03-11 03:29:00,220.3
2024-03-11 03:30:00,220.0
2024-03-11 03:31:00,218.8
2024-03-11 03:32:00,209.8
2024-03-11 03:33:00,669.1
2024-03-11 03:34:00,299.8
2024-03-11 03:35:00,198.9
2024-03-11 03:36:00,195.2
2024-03-11 03:37:00,196.1
2024-03-11 03:38:00,195.5
2024-03-11 03:39:00,195.4
2024-03-11 03:40:00,195.0
2024-03-11 03:41:00,195.5
2024-03-11 03:42:00,409.0
2024-03-11 03:43:00,557.9
2024-03-11 03:44:00,195.7
2024-03-11 03:45:00,195.6
2024-03-11 03:46:00,194.7
2024-03-11 03:47:00,195.2
2024-03-11 03:48:00,195.1
2024-03-11 03:49:00,195.8
2024-03-11 03:50:00,195.5
2024-03-11 03:51:00,252.3
2024-03-11 03:52:00,718.1
2024-03-11 03:53:00,195.2
2024-03-11 03:54:00,194.5
2024-03-11 03:55:00,195.1
2024-03-11 03:56:00,195.1
2024-03-11 03:57:00,194.6
2024-03-11 03:58:00,194.4
2024-03-11 03:59:00,198.4
2024-03-11 04:00:00,192.8
2024-03-11 04:01:00,579.3
2024-03-11 04:02:00,348.4
2024-03-11 04:03:00,192.8
2024-03-11 04:04:00,193.6
2024-03-11 04:05:00,194.0
2024-03-11 04:06:00,193.3
2024-03-11 04:07:00,194.5
2024-03-11 04:08:00,194.0
2024-03-11 04:09:00,193.1
2024-03-11 04:10:00,346.1
2024-03-11 04:11:00,609.7
2024-03-11 04:12:00,194.8
2024-03-11 04:13:00,194.1
2024-03-11 04:14:00,193.4
2024-03-11 04:15:00,191.6
2024-03-11 04:16:00,191.0
2024-03-11 04:17:00,191.0
2024-03-11 04:18:00,302.9
2024-03-11 04:19:00,203.4
2024-03-11 04:20:00,780.9
2024-03-11 04:21:00,269.1
2024-03-11 04:22:00,211.9
2024-03-11 04:23:00,212.5
2024-03-11 04:24:00,212.2
2024-03-11 04:25:00,212.0
2024-03-11 04:26:00,223.9
2024-03-11 04:27:00,210.7
2024-03-11 04:28:00,211.8
2024-03-11 04:29:00,440.9
2024-03-11 04:30:00,607.8
2024-03-11 04:31:00,210.3
2024-03-11 04:32:00,211.5
2024-03-11 04:33:00,211.4
2024-03-11 04:34:00,198.4
2024-03-11 04:35:00,188.5
2024-03-11 04:36:00,188.4
2024-03-11 04:37:00,186.8
2024-03-11 04:38:00,187.1
2024-03-11 04:39:00,661.3
2024-03-11 04:40:00,284.5
2024-03-11 04:41:00,188.4
2024-03-11 04:42:00,187.9
2024-03-11 04:43:00,189.6
2024-03-11 04:44:00,187.8
2024-03-11 04:45:00,186.8
2024-03-11 04:46:00,187.2
2024-03-11 04:47:00,186.5
2024-03-11 04:48:00,235.1
2024-03-11 04:49:00,705.5
2024-03-11 04:50:00,188.1
2024-03-11 04:51:00,188.3
2024-03-11 04:52:00,186.8
2024-03-11 04:53:00,188.5
2024-03-11 04:54:00,189.2
2024-03-11 04:55:00,187.9
2024-03-11 04:56:00,188.3
2024-03-11 04:57:00,187.8
2024-03-11 04:58:00,400.6
2024-03-11 04:59:00,551.5
2024-03-11 05:00:00,187.5
2024-03-11 05:01:00,206.0
2024-03-11 05:02:00,200.1
2024-03-11 05:03:00,203.0
2024-03-11 05:04:00,208.4
2024-03-11 05:05:00,211.5
2024-03-11 05:06:00,211.9
2024-03-11 05:07:00,212.9
2024-03-11 05:08:00,732.9
2024-03-11 05:09:00,321.0
2024-03-11 05:10:00,213.8
2024-03-11 05:11:00,213.8
2024-03-11 05:12:00,214.1
2024-03-11 05:13:00,214.8
2024-03-11 05:14:00,215.3
2024-03-11 05:15:00,215.5
2024-03-11 05:16:00,216.4
2024-03-11 05:17:00,216.8
2024-03-11 05:18:00,808.8
2024-03-11 05:19:00,216.6
2024-03-11 05:20:00,219.7
2024-03-11 05:21:00,219.0
2024-03-11 05:22:00,215.6
2024-03-11 05:23:00,213.6
2024-03-11 05:24:00,213.1
2024-03-11 05:25:00,212.5
2024-03-11 05:26:00,210.9
2024-03-11 05:27:00,546.3
2024-03-11 05:28:00,550.2
2024-03-11 05:29:00,210.9
2024-03-11 05:30:00,210.8
2024-03-11 05:31:00,191.5
2024-03-11 05:32:00,187.4
2024-03-11 05:33:00,188.4
2024-03-11 05:34:00,189.3
2024-03-11 05:35:00,191.7
2024-03-11 05:36:00,189.9
2024-03-11 05:37:00,501.4
2024-03-11 05:38:00,427.8
2024-03-11 05:39:00,189.1
2024-03-11 05:40:00,188.6
2024-03-11 05:41:00,189.5
2024-03-11 05:42:00,189.1
2024-03-11 05:43:00,188.1
2024-03-11 05:44:00,187.7
2024-03-11 05:45:00,188.8
2024-03-11 05:46:00,187.4
2024-03-11 05:47:00,574.5
2024-03-11 05:48:00,343.3
2024-03-11 05:49:00,189.0
2024-03-11 05:50:00,189.3
2024-03-11 05:51:00,188.5
2024-03-11 05:52:00,189.8
2024-03-11 05:53:00,189.8
2024-03-11 05:54:00,188.8
2024-03-11 05:55:00,189.9
2024-03-11 05:56:00,189.5
2024-03-11 05:57:00,610.7
2024-03-11 05:58:00,345.1
2024-03-11 05:59:00,191.6
2024-03-11 06:00:00,193.1
2024-03-11 06:01:00,190.7
2024-03-11 06:02:00,191.3
2024-03-11 06:03:00,192.0
2024-03-11 06:04:00,191.4
2024-03-11 06:05:00,191.1
2024-03-11 06:06:00,189.6
2024-03-11 06:07:00,502.2
2024-03-11 06:08:00,430.4
2024-03-11 06:09:00,190.7
2024-03-11 06:10:00,191.1
2024-03-11 06:11:00,192.5
2024-03-11 06:12:00,191.1
2024-03-11 06:13:00,191.2
2024-03-11 06:14:00,191.2
2024-03-11 06:15:00,192.9
2024-03-11 06:16:00,223.7
2024-03-11 06:17:00,470.8
2024-03-11 06:18:00,548.5
2024-03-11 06:19:00,212.8
2024-03-11 06:20:00,214.9
2024-03-11 06:21:00,215.5
2024-03-11 06:22:00,214.8
2024-03-11 06:23:00,214.2
2024-03-11 06:24:00,214.8
2024-03-11 06:25:00,214.2
2024-03-11 06:26:00,214.0
2024-03-11 06:27:00,355.8
2024-03-11 06:28:00,705.7
2024-03-11 06:29:00,236.9
2024-03-11 06:30:00,238.0
2024-03-11 06:31:00,238.7
2024-03-11 06:32:00,237.1
2024-03-11 06:33:00,245.9
2024-03-11 06:34:00,253.2
2024-03-11 06:35:00,232.9
2024-03-11 06:36:00,232.4
2024-03-11 06:37:00,373.6
2024-03-11 06:38:00,2378.8
2024-03-11 06:39:00,778.4
2024-03-11 06:40:00,235.5
2024-03-11 06:41:00,236.4
2024-03-11 06:42:00,236.2
2024-03-11 06:43:00,235.9
2024-03-11 06:44:00,236.5
2024-03-11 06:45:00,236.6
2024-03-11 06:46:00,249.5
2024-03-11 06:47:00,264.7
2024-03-11 06:48:00,803.6
2024-03-11 06:49:00,281.8
2024-03-11 06:50:00,286.2
2024-03-11 06:51:00,288.3
2024-03-11 06:52:00,283.0
2024-03-11 06:53:00,286.5
2024-03-11 06:54:00,278.8
2024-03-11 06:55:00,280.8
2024-03-11 06:56:00,358.8
2024-03-11 06:57:00,383.0
2024-03-11 06:58:00,792.6
2024-03-11 06:59:00,374.3
2024-03-11 07:00:00,288.7
2024-03-11 07:01:00,329.1
2024-03-11 07:02:00,341.3
2024-03-11 07:03:00,326.9
2024-03-11 07:04:00,251.6
2024-03-11 07:05:00,255.4
2024-03-11 07:06:00,250.7
2024-03-11 07:07:00,252.7
2024-03-11 07:08:00,694.4
2024-03-11 07:09:00,441.0
2024-03-11 07:10:00,251.9
2024-03-11 07:11:00,257.3
2024-03-11 07:12:00,254.3
2024-03-11 07:13:00,251.4
2024-03-11 07:14:00,249.2
2024-03-11 07:15:00,272.0
2024-03-11 07:16:00,850.4
2024-03-11 07:17:00,2205.5
2024-03-11 07:18:00,1412.2
2024-03-11 07:19:00,1683.4
2024-03-11 07:20:00,1301.2
2024-03-11 07:21:00,1330.5
2024-03-11 07:22:00,1326.7
2024-03-11 07:23:00,1403.3
2024-03-11 07:24:00,1612.3
2024-03-11 07:25:00,1314.4
2024-03-11 07:26:00,1249.8
2024-03-11 07:27:00,1246.9
2024-03-11 07:28:00,1582.3
2024-03-11 07:29:00,1104.3
2024-03-11 07:30:00,537.8
2024-03-11 07:31:00,393.0
2024-03-11 07:32:00,398.4
2024-03-11 07:33:00,433.3
2024-03-11 07:34:00,476.9
2024-03-11 07:35:00,498.4
2024-03-11 07:36:00,868.9
2024-03-11 07:37:00,1438.1
2024-03-11 07:38:00,2300.4
2024-03-11 07:39:00,2267.6
2024-03-11 07:40:00,2880.9
2024-03-11 07:41:00,2263.9
2024-03-11 07:42:00,2693.3
2024-03-11 07:43:00,3782.7
2024-03-11 07:44:00,3115.2
2024-03-11 07:45:00,2214.6
2024-03-11 07:46:00,2200.1
2024-03-11 07:47:00,2183.6
2024-03-11 07:48:00,2190.3
2024-03-11 07:49:00,2230.7
2024-03-11 07:50:00,2204.2
2024-03-11 07:51:00,747.4
2024-03-11 07:52:00,393.4
2024-03-11 07:53:00,442.6
2024-03-11 07:54:00,448.3
2024-03-11 07:55:00,352.1
2024-03-11 07:56:00,387.9
2024-03-11 07:57:00,476.1
2024-03-11 07:58:00,773.0
2024-03-11 07:59:00,736.7
2024-03-11 08:00:00,803.1
2024-03-11 08:01:00,1167.5
2024-03-11 08:02:00,782.9
2024-03-11 08:03:00,1507.3
2024-03-11 08:04:00,1454.6
2024-03-11 08:05:00,676.4
2024-03-11 08:06:00,654.4
2024-03-11 08:07:00,650.0
2024-03-11 08:08:00,964.1
2024-03-11 08:09:00,1226.6
2024-03-11 08:10:00,664.0
2024-03-11 08:11:00,658.8
2024-03-11 08:12:00,1078.5
2024-03-11 08:13:00,698.4
2024-03-11 08:14:00,599.2
2024-03-11 08:15:00,609.4
2024-03-11 08:16:00,588.9
2024-03-11 08:17:00,590.6
2024-03-11 08:18:00,528.1
2024-03-11 08:19:00,502.9
2024-03-11 08:20:00,422.9
2024-03-11 08:21:00,365.1
2024-03-11 08:22:00,416.9
2024-03-11 08:23:00,1055.2
2024-03-11 08:24:00,554.7
2024-03-11 08:25:00,878.0
2024-03-11 08:26:00,485.9
2024-03-11 08:27:00,483.2
2024-03-11 08:28:00,494.6
2024-03-11 08:29:00,570.1
2024-03-11 08:30:00,582.4
2024-03-11 08:31:00,519.6
2024-03-11 08:32:00,431.5
2024-03-11 08:33:00,418.0
2024-03-11 08:34:00,973.4
2024-03-11 08:35:00,417.2
2024-03-11 08:36:00,424.0
2024-03-11 08:37:00,437.1
2024-03-11 08:38:00,500.9
2024-03-11 08:39:00,509.9
2024-03-11 08:40:00,529.3
2024-03-11 08:41:00,653.9
2024-03-11 08:42:00,474.0
2024-03-11 08:43:00,424.7
2024-03-11 08:44:00,461.7
2024-03-11 08:45:00,913.9
2024-03-11 08:46:00,678.7
2024-03-11 08:47:00,532.4
2024-03-11 08:48:00,527.5
2024-03-11 08:49:00,518.4
2024-03-11 08:50:00,521.7
2024-03-11 08:51:00,470.8
2024-03-11 08:52:00,424.6
2024-03-11 08:53:00,445.5
2024-03-11 08:54:00,421.6
2024-03-11 08:55:00,441.4
2024-03-11 08:56:00,782.8
2024-03-11 08:57:00,676.7
2024-03-11 08:58:00,620.5
2024-03-11 08:59:00,623.8
2024-03-11 09:00:00,494.5
2024-03-11 09:01:00,420.5
2024-03-11 09:02:00,457.1
2024-03-11 09:03:00,512.7
2024-03-11 09:04:00,513.2
2024-03-11 09:05:00,521.4
2024-03-11 09:06:00,511.1
2024-03-11 09:07:00,588.6
2024-03-11 09:08:00,772.3
2024-03-11 09:09:00,300.2
2024-03-11 09:10:00,248.1
2024-03-11 09:11:00,283.4
2024-03-11 09:12:00,249.8
2024-03-11 09:13:00,262.1
2024-03-11 09:14:00,379.7
2024-03-11 09:15:00,462.6
2024-03-11 09:16:00,289.8
2024-03-11 09:17:00,427.2
2024-03-11 09:18:00,386.5
2024-03-11 09:19:00,1010.1
2024-03-11 09:20:00,452.9
2024-03-11 09:21:00,305.8
2024-03-11 09:22:00,429.7
2024-03-11 09:23:00,552.9
2024-03-11 09:24:00,600.3
2024-03-11 09:25:00,596.2
2024-03-11 09:26:00,598.1
2024-03-11 09:27:00,601.7
2024-03-11 09:28:00,596.6
2024-03-11 09:29:00,536.3
2024-03-11 09:30:00,629.6
2024-03-11 09:31:00,953.0
2024-03-11 09:32:00,472.7
2024-03-11 09:33:00,496.7
2024-03-11 09:34:00,562.6
2024-03-11 09:35:00,887.5
2024-03-11 09:36:00,427.9
2024-03-11 09:37:00,421.9
2024-03-11 09:38:00,414.7
2024-03-11 09:39:00,283.6
2024-03-11 09:40:00,245.0
2024-03-11 09:41:00,246.5
2024-03-11 09:42:00,621.7
2024-03-11 09:43:00,588.3
2024-03-11 09:44:00,388.7
2024-03-11 09:45:00,423.9
2024-03-11 09:46:00,419.6
2024-03-11 09:47:00,287.5
2024-03-11 09:48:00,262.6
2024-03-11 09:49:00,281.7
2024-03-11 09:50:00,288.9
2024-03-11 09:51:00,287.7
2024-03-11 09:52:00,398.3
2024-03-11 09:53:00,437.4
2024-03-11 09:54:00,1084.0
2024-03-11 09:55:00,312.2
2024-03-11 09:56:00,278.1
2024-03-11 09:57:00,293.7
2024-03-11 09:58:00,355.5
2024-03-11 09:59:00,370.9
2024-03-11 10:00:00,373.8
2024-03-11 10:01:00,376.9
2024-03-11 10:02:00,377.1
2024-03-11 10:03:00,380.2
2024-03-11 10:04:00,307.3
2024-03-11 10:05:00,248.7
2024-03-11 10:06:00,690.1
2024-03-11 10:07:00,516.8
2024-03-11 10:08:00,343.5
2024-03-11 10:09:00,333.4
2024-03-11 10:10:00,345.1
2024-03-11 10:11:00,343.2
2024-03-11 10:12:00,382.6
2024-03-11 10:13:00,387.9
2024-03-11 10:14:00,397.3
2024-03-11 10:15:00,631.7
2024-03-11 10:16:00,474.9
2024-03-11 10:17:00,319.5
2024-03-11 10:18:00,626.3
2024-03-11 10:19:00,538.5
2024-03-11 10:20:00,288.8
2024-03-11 10:21:00,291.4
2024-03-11 10:22:00,319.3
2024-03-11 10:23:00,310.0
2024-03-11 10:24:00,313.7
2024-03-11 10:25:00,328.0
2024-03-11 10:26:00,321.2
2024-03-11 10:27:00,321.6
2024-03-11 10:28:00,352.9
2024-03-11 10:29:00,462.2
2024-03-11 10:30:00,569.4
2024-03-11 10:31:00,669.3
2024-03-11 10:32:00,324.2
2024-03-11 10:33:00,323.2
2024-03-11 10:34:00,315.1
2024-03-11 10:35:00,319.9
2024-03-11 10:36:00,315.6
2024-03-11 10:37:00,308.4
2024-03-11 10:38:00,296.9
2024-03-11 10:39:00,265.4
2024-03-11 10:40:00,271.3
2024-03-11 10:41:00,264.7
2024-03-11 10:42:00,317.2
2024-03-11 10:43:00,747.8
2024-03-11 10:44:00,262.3
2024-03-11 10:45:00,284.7
2024-03-11 10:46:00,348.5
2024-03-11 10:47:00,325.1
2024-03-11 10:48:00,261.9
2024-03-11 10:49:00,258.2
2024-03-11 10:50:00,287.5
2024-03-11 10:51:00,294.3
2024-03-11 10:52:00,291.0
2024-03-11 10:53:00,290.8
2024-03-11 10:54:00,297.0
2024-03-11 10:55:00,843.7
2024-03-11 10:56:00,348.9
2024-03-11 10:57:00,295.5
2024-03-11 10:58:00,300.4
2024-03-11 10:59:00,301.6
2024-03-11 11:00:00,402.7
2024-03-11 11:01:00,410.0
2024-03-11 11:02:00,301.1
2024-03-11 11:03:00,294.6
2024-03-11 11:04:00,297.6
2024-03-11 11:05:00,293.7
2024-03-11 11:06:00,296.5
2024-03-11 11:07:00,569.6
2024-03-11 11:08:00,706.1
2024-03-11 11:09:00,338.4
2024-03-11 11:10:00,302.3
2024-03-11 11:11:00,307.3
2024-03-11 11:12:00,303.8
2024-03-11 11:13:00,296.3
2024-03-11 11:14:00,289.9
2024-03-11 11:15:00,288.0
2024-03-11 11:16:00,287.4
2024-03-11 11:17:00,286.8
2024-03-11 11:18:00,287.6
2024-03-11 11:19:00,284.7
2024-03-11 11:20:00,633.0
2024-03-11 11:21:00,425.6
2024-03-11 11:22:00,245.2
2024-03-11 11:23:00,244.4
2024-03-11 11:24:00,242.0
2024-03-11 11:25:00,248.7
2024-03-11 11:26:00,246.1
2024-03-11 11:27:00,242.8
2024-03-11 11:28:00,242.4
2024-03-11 11:29:00,240.7
2024-03-11 11:30:00,240.7
2024-03-11 11:31:00,242.1
2024-03-11 11:32:00,244.6
2024-03-11 11:33:00,872.4
2024-03-11 11:34:00,395.6
2024-03-11 11:35:00,246.0
2024-03-11 11:36:00,242.7
2024-03-11 11:37:00,245.6
2024-03-11 11:38:00,240.2
2024-03-11 11:39:00,240.0
2024-03-11 11:40:00,240.7
2024-03-11 11:41:00,241.4
2024-03-11 11:42:00,240.4
2024-03-11 11:43:00,238.6
2024-03-11 11:44:00,239.8
2024-03-11 11:45:00,238.8
2024-03-11 11:46:00,761.8
2024-03-11 11:47:00,238.1
2024-03-11 11:48:00,243.2
2024-03-11 11:49:00,241.0
2024-03-11 11:50:00,257.4
2024-03-11 11:51:00,266.7
2024-03-11 11:52:00,263.7
2024-03-11 11:53:00,263.1
2024-03-11 11:54:00,261.4
2024-03-11 11:55:00,254.5
2024-03-11 11:56:00,240.2
2024-03-11 11:57:00,240.7
2024-03-11 11:58:00,239.5
2024-03-11 11:59:00,705.7
2024-03-11 12:00:00,302.1
2024-03-11 12:01:00,287.8
2024-03-11 12:02:00,331.5
2024-03-11 12:03:00,396.2
2024-03-11 12:04:00,391.5
2024-03-11 12:05:00,521.0
2024-03-11 12:06:00,426.3
2024-03-11 12:07:00,421.7
2024-03-11 12:08:00,423.7
2024-03-11 12:09:00,437.0
2024-03-11 12:10:00,822.5
2024-03-11 12:11:00,404.9
2024-03-11 12:12:00,800.3
2024-03-11 12:13:00,487.5
2024-03-11 12:14:00,348.2
2024-03-11 12:15:00,449.3
2024-03-11 12:16:00,553.2
2024-03-11 12:17:00,446.3
2024-03-11 12:18:00,428.2
2024-03-11 12:19:00,424.5
2024-03-11 12:20:00,423.9
2024-03-11 12:21:00,401.6
2024-03-11 12:22:00,391.5
2024-03-11 12:23:00,390.4
2024-03-11 12:24:00,387.2
2024-03-11 12:25:00,543.8
2024-03-11 12:26:00,653.6
2024-03-11 12:27:00,349.0
2024-03-11 12:28:00,349.7
2024-03-11 12:29:00,351.3
2024-03-11 12:30:00,434.1
2024-03-11 12:31:00,462.9
2024-03-11 12:32:00,497.6
2024-03-11 12:33:00,520.0
2024-03-11 12:34:00,384.9
2024-03-11 12:35:00,250.9
2024-03-11 12:36:00,239.6
2024-03-11 12:37:00,239.6
2024-03-11 12:38:00,290.5
2024-03-11 12:39:00,820.9
2024-03-11 12:40:00,423.6
2024-03-11 12:41:00,428.1
2024-03-11 12:42:00,462.5
2024-03-11 12:43:00,414.0
2024-03-11 12:44:00,304.3
2024-03-11 12:45:00,233.9
2024-03-11 12:46:00,237.1
2024-03-11 12:47:00,283.3
2024-03-11 12:48:00,340.6
2024-03-11 12:49:00,421.6
2024-03-11 12:50:00,445.9
2024-03-11 12:51:00,437.0
2024-03-11 12:52:00,635.9
2024-03-11 12:53:00,775.7
2024-03-11 12:54:00,425.9
2024-03-11 12:55:00,414.3
2024-03-11 12:56:00,402.7
2024-03-11 12:57:00,409.1
2024-03-11 12:58:00,267.8
2024-03-11 12:59:00,499.0
2024-03-11 13:00:00,1659.7
2024-03-11 13:01:00,231.0
2024-03-11 13:02:00,315.5
2024-03-11 13:03:00,661.5
2024-03-11 13:04:00,700.0
2024-03-11 13:05:00,431.2
2024-03-11 13:06:00,902.5
2024-03-11 13:07:00,397.6
2024-03-11 13:08:00,310.8
2024-03-11 13:09:00,304.0
2024-03-11 13:10:00,314.4
2024-03-11 13:11:00,391.7
2024-03-11 13:12:00,1079.2
2024-03-11 13:13:00,1062.2
2024-03-11 13:14:00,450.4
2024-03-11 13:15:00,301.7
2024-03-11 13:16:00,258.8
2024-03-11 13:17:00,264.5
2024-03-11 13:18:00,263.1
2024-03-11 13:19:00,484.4
2024-03-11 13:20:00,1017.3
2024-03-11 13:21:00,259.9
2024-03-11 13:22:00,260.9
2024-03-11 13:23:00,277.1
2024-03-11 13:24:00,687.3
2024-03-11 13:25:00,441.5
2024-03-11 13:26:00,270.3
2024-03-11 13:27:00,309.1
2024-03-11 13:28:00,245.8
2024-03-11 13:29:00,242.6
2024-03-11 13:30:00,245.8
2024-03-11 13:31:00,239.1
2024-03-11 13:32:00,238.4
2024-03-11 13:33:00,370.8
2024-03-11 13:34:00,757.1
2024-03-11 13:35:00,238.6
2024-03-11 13:36:00,234.8
2024-03-11 13:37:00,579.6
2024-03-11 13:38:00,228.3
2024-03-11 13:39:00,228.0
2024-03-11 13:40:00,268.0
2024-03-11 13:41:00,344.6
2024-03-11 13:42:00,313.3
2024-03-11 13:43:00,225.7
2024-03-11 13:44:00,225.1
2024-03-11 13:45:00,224.6
2024-03-11 13:46:00,211.2
2024-03-11 13:47:00,245.2
2024-03-11 13:48:00,715.4
2024-03-11 13:49:00,189.9
2024-03-11 13:50:00,207.8
2024-03-11 13:51:00,333.9
2024-03-11 13:52:00,286.2
2024-03-11 13:53:00,257.0
2024-03-11 13:54:00,252.4
2024-03-11 13:57:00,254.7
2024-03-11 13:58:00,211.1
2024-03-11 13:59:00,191.3
2024-03-11 14:00:00,202.2
2024-03-11 14:01:00,206.9
2024-03-11 14:02:00,689.5
2024-03-11 14:03:00,242.6
2024-03-11 14:04:00,232.8
2024-03-11 14:05:00,235.7
2024-03-11 14:06:00,237.6
2024-03-11 14:07:00,233.9
2024-03-11 14:08:00,231.0
2024-03-11 14:09:00,235.3
2024-03-11 14:10:00,236.9
2024-03-11 14:11:00,230.8
2024-03-11 14:12:00,245.4
2024-03-11 14:13:00,262.7
2024-03-11 14:14:00,303.2
2024-03-11 14:15:00,244.5
2024-03-11 14:16:00,710.4
2024-03-11 14:17:00,281.6
2024-03-11 14:18:00,252.7
2024-03-11 14:19:00,247.2
2024-03-11 14:20:00,242.9
2024-03-11 14:21:00,241.1
2024-03-11 14:22:00,242.3
2024-03-11 14:23:00,244.6
2024-03-11 14:24:00,239.3
2024-03-11 14:25:00,239.7
2024-03-11 14:26:00,240.5
2024-03-11 14:27:00,240.7
2024-03-11 14:28:00,241.1
2024-03-11 14:29:00,239.9
2024-03-11 14:30:00,736.6
2024-03-11 14:31:00,416.0
2024-03-11 14:32:00,268.4
2024-03-11 14:33:00,274.9
2024-03-11 14:34:00,278.1
2024-03-11 14:35:00,282.6
2024-03-11 14:36:00,282.6
2024-03-11 14:37:00,282.0
2024-03-11 14:38:00,283.9
2024-03-11 14:39:00,287.8
2024-03-11 14:40:00,291.0
2024-03-11 14:41:00,290.9
2024-03-11 14:42:00,289.4
2024-03-11 14:43:00,380.9
2024-03-11 14:44:00,607.3
2024-03-11 14:45:00,736.3
2024-03-11 14:46:00,288.1
2024-03-11 14:47:00,288.7
2024-03-11 14:48:00,291.0
2024-03-11 14:49:00,289.3
2024-03-11 14:50:00,288.2
2024-03-11 14:51:00,287.7
2024-03-11 14:52:00,288.9
2024-03-11 14:53:00,289.5
2024-03-11 14:54:00,289.2
2024-03-11 14:55:00,290.8
2024-03-11 14:56:00,293.4
2024-03-11 14:57:00,293.3
2024-03-11 14:58:00,292.1
2024-03-11 14:59:00,741.7
2024-03-11 15:00:00,404.7
2024-03-11 15:01:00,291.4
2024-03-11 15:02:00,291.0
2024-03-11 15:03:00,294.5
2024-03-11 15:04:00,288.0
2024-03-11 15:05:00,286.7
2024-03-11 15:06:00,286.4
2024-03-11 15:07:00,285.5
2024-03-11 15:08:00,285.2
2024-03-11 15:09:00,294.4
2024-03-11 15:10:00,307.5
2024-03-11 15:11:00,380.4
2024-03-11 15:12:00,409.5
2024-03-11 15:13:00,295.6
2024-03-11 15:14:00,849.7
2024-03-11 15:15:00,330.7
2024-03-11 15:16:00,278.9
2024-03-11 15:17:00,279.3
2024-03-11 15:18:00,277.2
2024-03-11 15:19:00,277.8
2024-03-11 15:20:00,284.4
2024-03-11 15:21:00,282.0
2024-03-11 15:22:00,279.4
2024-03-11 15:23:00,290.2
2024-03-11 15:24:00,283.6
2024-03-11 15:25:00,285.2
2024-03-11 15:26:00,356.3
2024-03-11 15:27:00,356.1
2024-03-11 15:28:00,355.5
2024-03-11 15:29:00,739.3
2024-03-11 15:30:00,544.2
2024-03-11 15:31:00,355.3
2024-03-11 15:32:00,355.1
2024-03-11 15:33:00,355.5
2024-03-11 15:34:00,349.1
2024-03-11 15:35:00,353.5
2024-03-11 15:36:00,354.3
2024-03-11 15:37:00,357.7
2024-03-11 15:38:00,372.3
2024-03-11 15:39:00,368.6
2024-03-11 15:40:00,366.5
2024-03-11 15:41:00,366.2
2024-03-11 15:42:00,366.0
2024-03-11 15:43:00,367.2
2024-03-11 15:44:00,685.4
2024-03-11 15:45:00,447.1
2024-03-11 15:46:00,251.5
2024-03-11 15:47:00,256.3
2024-03-11 15:48:00,252.3
2024-03-11 15:49:00,252.6
2024-03-11 15:50:00,254.4
2024-03-11 15:51:00,256.2
2024-03-11 15:52:00,256.8
2024-03-11 15:53:00,257.4
2024-03-11 15:54:00,257.3
2024-03-11 15:55:00,255.4
2024-03-11 15:56:00,254.8
2024-03-11 15:57:00,255.8
2024-03-11 15:58:00,280.1
2024-03-11 15:59:00,574.7
2024-03-11 16:00:00,694.6
2024-03-11 16:01:00,304.5
2024-03-11 16:02:00,312.0
2024-03-11 16:03:00,316.1
2024-03-11 16:04:00,312.3
2024-03-11 16:05:00,319.8
2024-03-11 16:06:00,397.8
2024-03-11 16:07:00,466.8
2024-03-11 16:08:00,498.4
2024-03-11 16:09:00,497.0
2024-03-11 16:10:00,445.0
2024-03-11 16:11:00,464.3
2024-03-11 16:12:00,407.2
2024-03-11 16:13:00,336.2
2024-03-11 16:14:00,391.1
2024-03-11 16:15:00,1072.8
2024-03-11 16:16:00,492.7
2024-03-11 16:17:00,498.1
2024-03-11 16:18:00,347.2
2024-03-11 16:19:00,419.5
2024-03-11 16:20:00,428.5
2024-03-11 16:21:00,317.3
2024-03-11 16:22:00,418.4
2024-03-11 16:23:00,490.8
2024-03-11 16:24:00,530.8
2024-03-11 16:25:00,533.0
2024-03-11 16:26:00,381.3
2024-03-11 16:27:00,321.2
2024-03-11 16:28:00,322.5
2024-03-11 16:29:00,317.1
2024-03-11 16:30:00,458.9
2024-03-11 16:31:00,938.3
2024-03-11 16:32:00,584.5
2024-03-11 16:33:00,527.6
2024-03-11 16:34:00,296.9
2024-03-11 16:35:00,256.1
2024-03-11 16:36:00,251.3
2024-03-11 16:37:00,248.6
2024-03-11 16:38:00,320.1
2024-03-11 16:39:00,385.5
2024-03-11 16:40:00,432.9
2024-03-11 16:41:00,439.2
2024-03-11 16:42:00,312.6
2024-03-11 16:43:00,254.3
2024-03-11 16:44:00,254.0
2024-03-11 16:45:00,253.3
2024-03-11 16:46:00,463.0
2024-03-11 16:47:00,795.7
2024-03-11 16:48:00,467.1
2024-03-11 16:49:00,525.4
2024-03-11 16:50:00,376.2
2024-03-11 16:51:00,255.6
2024-03-11 16:52:00,251.5
2024-03-11 16:53:00,269.0
2024-03-11 16:54:00,337.4
2024-03-11 16:55:00,393.1
2024-03-11 16:56:00,515.4
2024-03-11 16:57:00,506.8
2024-03-11 16:58:00,384.2
2024-03-11 16:59:00,319.5
2024-03-11 17:00:00,314.4
2024-03-11 17:01:00,313.3
2024-03-11 17:02:00,485.4
2024-03-11 17:03:00,825.6
2024-03-11 17:04:00,507.0
2024-03-11 17:05:00,617.8
2024-03-11 17:06:00,392.2
2024-03-11 17:07:00,298.6
2024-03-11 17:08:00,297.7
2024-03-11 17:09:00,295.3
2024-03-11 17:10:00,295.4
2024-03-11 17:11:00,297.8
2024-03-11 17:12:00,295.8
2024-03-11 17:13:00,299.3
2024-03-11 17:14:00,312.7
2024-03-11 17:15:00,313.7
2024-03-11 17:16:00,314.4
2024-03-11 17:17:00,315.9
2024-03-11 17:18:00,317.7
2024-03-11 17:19:00,925.4
2024-03-11 17:20:00,307.9
2024-03-11 17:21:00,299.1
2024-03-11 17:22:00,294.1
2024-03-11 17:23:00,300.8
2024-03-11 17:24:00,296.2
2024-03-11 17:25:00,291.8
2024-03-11 17:26:00,277.0
2024-03-11 17:27:00,249.2
2024-03-11 17:28:00,242.2
2024-03-11 17:29:00,266.8
2024-03-11 17:30:00,318.6
2024-03-11 17:31:00,306.2
2024-03-11 17:32:00,253.1
2024-03-11 17:33:00,317.1
2024-03-11 17:34:00,271.9
2024-03-11 17:35:00,440.6
2024-03-11 17:36:00,600.2
2024-03-11 17:37:00,241.0
2024-03-11 17:38:00,240.8
2024-03-11 17:39:00,283.1
2024-03-11 17:40:00,309.7
2024-03-11 17:41:00,328.6
2024-03-11 17:42:00,262.9
2024-03-11 17:43:00,322.7
2024-03-11 17:44:00,373.9
2024-03-11 17:45:00,398.2
2024-03-11 17:46:00,291.0
2024-03-11 17:47:00,288.8
2024-03-11 17:48:00,292.6
2024-03-11 17:49:00,298.8
2024-03-11 17:50:00,290.0
2024-03-11 17:51:00,288.3
2024-03-11 17:52:00,692.2
2024-03-11 17:53:00,636.8
2024-03-11 17:54:00,292.0
2024-03-11 17:55:00,302.8
2024-03-11 17:56:00,297.0
2024-03-11 17:57:00,292.2
2024-03-11 17:58:00,257.1
2024-03-11 17:59:00,259.0
2024-03-11 18:00:00,260.7
2024-03-11 18:01:00,256.1
2024-03-11 18:02:00,257.4
2024-03-11 18:03:00,265.1
2024-03-11 18:04:00,267.0
2024-03-11 18:05:00,263.9
2024-03-11 18:06:00,266.4
2024-03-11 18:07:00,255.0
2024-03-11 18:08:00,243.0
2024-03-11 18:09:00,514.9
2024-03-11 18:10:00,675.3
2024-03-11 18:11:00,273.9
2024-03-11 18:12:00,242.7
2024-03-11 18:13:00,240.4
2024-03-11 18:14:00,264.5
2024-03-11 18:15:00,310.9
2024-03-11 18:16:00,294.0
2024-03-11 18:17:00,289.9
2024-03-11 18:18:00,309.7
2024-03-11 18:19:00,311.2
2024-03-11 18:20:00,386.4
2024-03-11 18:21:00,242.6
2024-03-11 18:22:00,245.7
2024-03-11 18:23:00,258.1
2024-03-11 18:24:00,260.2
2024-03-11 18:25:00,1000.8
2024-03-11 18:26:00,866.7
2024-03-11 18:27:00,791.6
2024-03-11 18:28:00,256.0
2024-03-11 18:29:00,256.4
2024-03-11 18:30:00,256.7
2024-03-11 18:31:00,255.7
2024-03-11 18:32:00,256.3
2024-03-11 18:33:00,256.1
2024-03-11 18:34:00,256.9
2024-03-11 18:35:00,261.4
2024-03-11 18:36:00,268.2
2024-03-11 18:37:00,268.6
2024-03-11 18:38:00,272.6
2024-03-11 18:39:00,275.1
2024-03-11 18:40:00,292.0
2024-03-11 18:41:00,388.4
2024-03-11 18:42:00,317.4
2024-03-11 18:43:00,428.7
2024-03-11 18:44:00,478.0
2024-03-11 18:45:00,816.5
2024-03-11 18:46:00,367.5
2024-03-11 18:47:00,444.1
2024-03-11 18:48:00,436.9
2024-03-11 18:49:00,437.7
2024-03-11 18:50:00,443.9
2024-03-11 18:51:00,445.0
2024-03-11 18:52:00,445.5
2024-03-11 18:53:00,443.6
2024-03-11 18:54:00,440.5
2024-03-11 18:55:00,439.6
2024-03-11 18:56:00,438.6
2024-03-11 18:57:00,496.2
2024-03-11 18:58:00,554.7
2024-03-11 18:59:00,512.6
2024-03-11 19:00:00,432.6
2024-03-11 19:01:00,432.2
2024-03-11 19:02:00,433.0
2024-03-11 19:03:00,1017.8
2024-03-11 19:04:00,433.5
2024-03-11 19:05:00,437.0
2024-03-11 19:06:00,543.0
2024-03-11 19:07:00,591.0
2024-03-11 19:08:00,505.2
2024-03-11 19:09:00,1831.9
2024-03-11 19:10:00,1172.7
2024-03-11 19:11:00,453.9
2024-03-11 19:12:00,436.9
2024-03-11 19:13:00,409.4
2024-03-11 19:14:00,488.0
2024-03-11 19:15:00,410.1
2024-03-11 19:16:00,409.3
2024-03-11 19:17:00,408.4
2024-03-11 19:18:00,406.4
2024-03-11 19:19:00,408.3
2024-03-11 19:20:00,422.0
2024-03-11 19:21:00,540.7
2024-03-11 19:22:00,918.0
2024-03-11 19:23:00,404.6
2024-03-11 19:24:00,403.3
2024-03-11 19:25:00,403.8
2024-03-11 19:26:00,402.0
2024-03-11 19:27:00,401.0
2024-03-11 19:28:00,380.2
2024-03-11 19:29:00,446.3
2024-03-11 19:30:00,383.4
2024-03-11 19:31:00,324.7
2024-03-11 19:32:00,395.4
2024-03-11 19:33:00,401.9
2024-03-11 19:34:00,402.2
2024-03-11 19:35:00,401.0
2024-03-11 19:36:00,404.7
2024-03-11 19:37:00,403.2
2024-03-11 19:38:00,401.8
2024-03-11 19:39:00,413.4
2024-03-11 19:40:00,609.4
2024-03-11 19:41:00,889.1
2024-03-11 19:42:00,420.6
2024-03-11 19:43:00,418.9
2024-03-11 19:44:00,504.5
2024-03-11 19:45:00,431.6
2024-03-11 19:46:00,369.1
2024-03-11 19:47:00,328.7
2024-03-11 19:48:00,339.2
2024-03-11 19:49:00,329.3
2024-03-11 19:50:00,403.9
2024-03-11 19:51:00,429.7
2024-03-11 19:52:00,380.9
2024-03-11 19:53:00,373.4
2024-03-11 19:54:00,428.1
2024-03-11 19:55:00,481.9
2024-03-11 19:56:00,494.0
2024-03-11 19:57:00,416.1
2024-03-11 19:58:00,309.1
2024-03-11 19:59:00,300.7
2024-03-11 20:00:00,763.0
2024-03-11 20:01:00,418.9
2024-03-11 20:02:00,401.8
2024-03-11 20:03:00,485.5
2024-03-11 20:04:00,487.5
2024-03-11 20:05:00,414.6
2024-03-11 20:06:00,315.2
2024-03-11 20:07:00,301.2
2024-03-11 20:08:00,302.0
2024-03-11 20:09:00,350.8
2024-03-11 20:10:00,435.2
2024-03-11 20:11:00,522.6
2024-03-11 20:12:00,531.1
2024-03-11 20:13:00,538.4
2024-03-11 20:14:00,448.4
2024-03-11 20:15:00,340.5
2024-03-11 20:16:00,322.3
2024-03-11 20:17:00,322.9
2024-03-11 20:18:00,366.2
2024-03-11 20:19:00,426.4
2024-03-11 20:20:00,986.0
2024-03-11 20:21:00,591.9
2024-03-11 20:22:00,526.5
2024-03-11 20:23:00,444.9
2024-03-11 20:24:00,337.7
2024-03-11 20:25:00,332.9
2024-03-11 20:26:00,335.6
2024-03-11 20:27:00,378.8
2024-03-11 20:28:00,438.1
2024-03-11 20:29:00,542.9
2024-03-11 20:30:00,645.5
2024-03-11 20:31:00,662.7
2024-03-11 20:32:00,698.2
2024-03-11 20:33:00,695.3
2024-03-11 20:34:00,666.8
2024-03-11 20:35:00,707.9
2024-03-11 20:36:00,675.1
2024-03-11 20:37:00,559.4
2024-03-11 20:38:00,536.9
2024-03-11 20:39:00,581.3
2024-03-11 20:40:00,883.1
2024-03-11 20:41:00,958.2
2024-03-11 20:42:00,711.3
2024-03-11 20:43:00,719.8
2024-03-11 20:44:00,676.7
2024-03-11 20:45:00,590.0
2024-03-11 20:46:00,578.7
2024-03-11 20:47:00,2160.8
2024-03-11 20:48:00,1181.5
2024-03-11 20:49:00,1332.8
2024-03-11 20:50:00,1105.2
2024-03-11 20:51:00,777.7
2024-03-11 20:52:00,1100.0
2024-03-11 20:53:00,919.4
2024-03-11 20:54:00,924.3
2024-03-11 20:55:00,1212.7
2024-03-11 20:56:00,1063.1
2024-03-11 20:57:00,1334.1
2024-03-11 20:58:00,1249.7
2024-03-11 20:59:00,1171.4
2024-03-11 21:00:00,1048.1
2024-03-11 21:01:00,1164.4
2024-03-11 21:02:00,1418.2
2024-03-11 21:03:00,1156.4
2024-03-11 21:04:00,945.7
2024-03-11 21:05:00,1368.1
2024-03-11 21:06:00,1165.3
2024-03-11 21:07:00,1256.2
2024-03-11 21:08:00,1154.6
2024-03-11 21:09:00,899.1
2024-03-11 21:10:00,1232.1
2024-03-11 21:11:00,990.0
2024-03-11 21:12:00,557.0
2024-03-11 21:13:00,549.9
2024-03-11 21:14:00,545.0
2024-03-11 21:15:00,515.2
2024-03-11 21:16:00,515.3
2024-03-11 21:17:00,512.1
2024-03-11 21:18:00,512.8
2024-03-11 21:19:00,595.0
2024-03-11 21:20:00,611.2
2024-03-11 21:21:00,513.5
2024-03-11 21:22:00,512.5
2024-03-11 21:23:00,925.0
2024-03-11 21:24:00,616.7
2024-03-11 21:25:00,516.9
2024-03-11 21:26:00,526.4
2024-03-11 21:27:00,527.5
2024-03-11 21:28:00,554.5
2024-03-11 21:29:00,525.3
2024-03-11 21:30:00,531.2
2024-03-11 21:31:00,593.3
2024-03-11 21:32:00,544.6
2024-03-11 21:33:00,523.6
2024-03-11 21:34:00,556.6
2024-03-11 21:35:00,551.9
2024-03-11 21:36:00,551.2
2024-03-11 21:37:00,546.4
2024-03-11 21:38:00,511.6
2024-03-11 21:39:00,500.9
2024-03-11 21:40:00,502.8
2024-03-11 21:41:00,503.6
2024-03-11 21:42:00,509.0
2024-03-11 21:43:00,508.4
2024-03-11 21:44:00,512.1
2024-03-11 21:45:00,514.1
2024-03-11 21:46:00,1039.7
2024-03-11 21:47:00,513.0
2024-03-11 21:48:00,511.3
2024-03-11 21:49:00,510.2
2024-03-11 21:50:00,513.7
2024-03-11 21:51:00,543.6
2024-03-11 21:52:00,548.0
2024-03-11 21:53:00,550.6
2024-03-11 21:54:00,549.4
2024-03-11 21:55:00,550.9
2024-03-11 21:56:00,552.6
2024-03-11 21:57:00,550.1
2024-03-11 21:58:00,480.3
2024-03-11 21:59:00,428.5
2024-03-11 22:00:00,440.6
2024-03-11 22:01:00,462.4
2024-03-11 22:02:00,454.3
2024-03-11 22:03:00,454.3
2024-03-11 22:04:00,461.4
2024-03-11 22:05:00,457.5
2024-03-11 22:06:00,441.9
2024-03-11 22:07:00,414.4
2024-03-11 22:08:00,406.1
2024-03-11 22:09:00,936.9
2024-03-11 22:10:00,398.9
2024-03-11 22:11:00,434.7
2024-03-11 22:12:00,416.7
2024-03-11 22:13:00,498.3
2024-03-11 22:14:00,484.8
2024-03-11 22:15:00,451.2
2024-03-11 22:16:00,484.2
2024-03-11 22:17:00,481.1
2024-03-11 22:18:00,402.6
2024-03-11 22:19:00,400.1
2024-03-11 22:20:00,398.6
2024-03-11 22:21:00,396.4
2024-03-11 22:22:00,397.0
2024-03-11 22:23:00,399.3
2024-03-11 22:24:00,398.8
2024-03-11 22:25:00,407.9
2024-03-11 22:26:00,388.9
2024-03-11 22:27:00,362.0
2024-03-11 22:28:00,577.4
2024-03-11 22:29:00,1379.9
2024-03-11 22:30:00,1375.9
2024-03-11 22:31:00,1328.6
2024-03-11 22:32:00,1325.7
2024-03-11 22:33:00,1834.5
2024-03-11 22:34:00,1379.5
2024-03-11 22:35:00,1322.5
2024-03-11 22:36:00,1316.9
2024-03-11 22:37:00,1316.9
2024-03-11 22:38:00,1318.6
2024-03-11 22:39:00,1317.9
2024-03-11 22:40:00,1316.9
2024-03-11 22:41:00,1313.5
2024-03-11 22:42:00,1312.7
2024-03-11 22:43:00,1316.1
2024-03-11 22:44:00,1312.3
2024-03-11 22:45:00,1282.5
2024-03-11 22:46:00,1226.3
2024-03-11 22:47:00,1304.0
2024-03-11 22:48:00,1589.9
2024-03-11 22:49:00,1002.8
2024-03-11 22:50:00,390.8
2024-03-11 22:51:00,390.3
2024-03-11 22:52:00,393.2
2024-03-11 22:53:00,390.5
2024-03-11 22:54:00,382.8
2024-03-11 22:55:00,380.4
2024-03-11 22:56:00,383.3
2024-03-11 22:57:00,379.7
2024-03-11 22:58:00,779.4
2024-03-11 22:59:00,603.0
2024-03-11 23:00:00,379.9
2024-03-11 23:01:00,392.7
2024-03-11 23:02:00,392.6
2024-03-11 23:03:00,388.5
2024-03-11 23:04:00,399.8
2024-03-11 23:05:00,538.9
2024-03-11 23:06:00,510.0
2024-03-11 23:07:00,537.3
2024-03-11 23:08:00,1039.0
2024-03-11 23:09:00,2607.8
2024-03-11 23:10:00,2553.0
2024-03-11 23:11:00,2476.1
2024-03-11 23:12:00,2445.1
2024-03-11 23:13:00,2462.0
2024-03-11 23:14:00,2456.3
2024-03-11 23:15:00,2410.1
2024-03-11 23:16:00,2403.6
2024-03-11 23:17:00,2410.0
2024-03-11 23:18:00,1815.8
2024-03-11 23:19:00,452.8
2024-03-11 23:20:00,450.3
2024-03-11 23:21:00,438.2
2024-03-11 23:22:00,425.5
2024-03-11 23:23:00,414.3
2024-03-11 23:24:00,714.7
2024-03-11 23:25:00,713.9
2024-03-11 23:26:00,1862.2
2024-03-11 23:27:00,2329.2
2024-03-11 23:28:00,2305.5
2024-03-11 23:29:00,2291.5
2024-03-11 23:30:00,2284.6
2024-03-11 23:31:00,2303.9
2024-03-11 23:32:00,2259.4
2024-03-11 23:33:00,1483.5
2024-03-11 23:34:00,351.7
2024-03-11 23:35:00,482.4
2024-03-11 23:36:00,2314.1
2024-03-11 23:37:00,2291.9
2024-03-11 23:38:00,2209.8
2024-03-11 23:39:00,644.1
2024-03-11 23:40:00,325.5
2024-03-11 23:41:00,1279.6
2024-03-11 23:42:00,2234.7
2024-03-11 23:43:00,2094.4
2024-03-11 23:44:00,2092.6
2024-03-11 23:45:00,2079.6
2024-03-11 23:46:00,1041.8
2024-03-11 23:47:00,313.5
2024-03-11 23:48:00,304.9
2024-03-11 23:49:00,309.4
2024-03-11 23:50:00,311.1
2024-03-11 23:51:00,2273.0
2024-03-11 23:52:00,2233.8
2024-03-11 23:53:00,1188.8
2024-03-11 23:54:00,250.7
2024-03-11 23:55:00,242.1
2024-03-11 23:56:00,237.3
2024-03-11 23:57:00,237.0
2024-03-11 23:58:00,245.1
2024-03-11 23:59:00,329.1
2024-03-12 00:00:00,292.2
2024-03-12 00:01:00,236.0
2024-03-12 00:02:00,238.1
2024-03-12 00:03:00,228.2
2024-03-12 00:04:00,217.7
2024-03-12 00:05:00,237.2
2024-03-12 00:06:00,241.7
2024-03-12 00:07:00,250.9
2024-03-12 00:08:00,253.2
2024-03-12 00:09:00,254.7
2024-03-12 00:10:00,255.1
2024-03-12 00:11:00,255.1
2024-03-12 00:12:00,256.2
2024-03-12 00:13:00,256.9
2024-03-12 00:14:00,255.6
2024-03-12 00:15:00,255.6
2024-03-12 00:16:00,256.6
2024-03-12 00:17:00,256.1
2024-03-12 00:18:00,258.2
2024-03-12 00:19:00,655.6
2024-03-12 00:20:00,430.5
2024-03-12 00:21:00,257.1
2024-03-12 00:22:00,255.2
2024-03-12 00:23:00,254.1
2024-03-12 00:24:00,253.8
2024-03-12 00:25:00,252.9
2024-03-12 00:26:00,250.7
2024-03-12 00:27:00,249.9
2024-03-12 00:28:00,252.3
2024-03-12 00:29:00,249.6
2024-03-12 00:30:00,248.9
2024-03-12 00:31:00,248.3
2024-03-12 00:32:00,247.5
2024-03-12 00:33:00,248.1
2024-03-12 00:34:00,248.6
2024-03-12 00:35:00,248.5
2024-03-12 00:36:00,247.2
2024-03-12 00:37:00,245.9
2024-03-12 00:38:00,225.2
2024-03-12 00:39:00,219.9
2024-03-12 00:40:00,219.2
2024-03-12 00:41:00,218.1
2024-03-12 00:42:00,217.9
2024-03-12 00:43:00,219.3
2024-03-12 00:44:00,218.1
2024-03-12 00:45:00,218.5
2024-03-12 00:46:00,218.5
2024-03-12 00:47:00,219.3
2024-03-12 00:48:00,789.0
2024-03-12 00:49:00,219.2
2024-03-12 00:50:00,219.4
2024-03-12 00:51:00,220.6
2024-03-12 00:52:00,219.3
2024-03-12 00:53:00,219.7
2024-03-12 00:54:00,218.9
2024-03-12 00:55:00,217.8
2024-03-12 00:56:00,219.1
2024-03-12 00:57:00,217.0
2024-03-12 00:58:00,217.8
2024-03-12 00:59:00,217.3
2024-03-12 01:00:00,215.4
2024-03-12 01:01:00,214.1
2024-03-12 01:02:00,213.7
2024-03-12 01:03:00,214.3
2024-03-12 01:04:00,213.7
2024-03-12 01:05:00,213.0
2024-03-12 01:06:00,213.1
2024-03-12 01:07:00,213.0
2024-03-12 01:08:00,212.4
2024-03-12 01:09:00,211.0
2024-03-12 01:10:00,209.9
2024-03-12 01:11:00,210.9
2024-03-12 01:12:00,210.1
2024-03-12 01:13:00,209.3
2024-03-12 01:14:00,209.8
2024-03-12 01:15:00,210.3
2024-03-12 01:16:00,210.0
2024-03-12 01:17:00,209.1
2024-03-12 01:18:00,726.3
2024-03-12 01:19:00,210.2
2024-03-12 01:20:00,208.7
2024-03-12 01:21:00,208.8
2024-03-12 01:22:00,209.6
2024-03-12 01:23:00,229.8
2024-03-12 01:24:00,226.7
2024-03-12 01:25:00,229.3
2024-03-12 01:26:00,233.7
2024-03-12 01:27:00,235.6
2024-03-12 01:28:00,233.8
2024-03-12 01:29:00,233.4
2024-03-12 01:30:00,232.4
2024-03-12 01:31:00,233.2
2024-03-12 01:32:00,233.9
2024-03-12 01:33:00,234.9
2024-03-12 01:34:00,233.5
2024-03-12 01:35:00,233.4
2024-03-12 01:36:00,234.1
2024-03-12 01:37:00,235.3
2024-03-12 01:38:00,238.4
2024-03-12 01:39:00,239.6
2024-03-12 01:40:00,240.6
2024-03-12 01:41:00,238.5
2024-03-12 01:42:00,238.3
2024-03-12 01:43:00,238.0
2024-03-12 01:44:00,237.1
2024-03-12 01:45:00,236.6
2024-03-12 01:46:00,236.5
2024-03-12 01:47:00,236.8
2024-03-12 01:48:00,628.6
2024-03-12 01:49:00,390.7
2024-03-12 01:50:00,240.4
2024-03-12 01:51:00,236.9
2024-03-12 01:52:00,234.9
2024-03-12 01:53:00,234.4
2024-03-12 01:54:00,231.4
2024-03-12 01:55:00,230.0
2024-03-12 01:56:00,211.9
2024-03-12 01:57:00,203.3
2024-03-12 01:58:00,204.7
2024-03-12 01:59:00,204.6
2024-03-12 02:00:00,203.1
2024-03-12 02:01:00,203.5
2024-03-12 02:02:00,204.6
2024-03-12 02:03:00,201.9
2024-03-12 02:04:00,201.0
2024-03-12 02:05:00,202.9
2024-03-12 02:06:00,203.3
2024-03-12 02:07:00,201.0
2024-03-12 02:08:00,201.3
2024-03-12 02:09:00,200.7
2024-03-12 02:10:00,200.7
2024-03-12 02:11:00,201.1
2024-03-12 02:12:00,200.3
2024-03-12 02:13:00,201.4
2024-03-12 02:14:00,200.8
2024-03-12 02:15:00,199.7
2024-03-12 02:16:00,200.3
2024-03-12 02:17:00,201.8
2024-03-12 02:18:00,200.8
2024-03-12 02:19:00,582.7
2024-03-12 02:20:00,467.2
2024-03-12 02:21:00,200.7
2024-03-12 02:22:00,199.7
2024-03-12 02:23:00,200.1
2024-03-12 02:24:00,199.7
2024-03-12 02:25:00,199.9
2024-03-12 02:26:00,199.2
2024-03-12 02:27:00,197.5
2024-03-12 02:28:00,198.4
2024-03-12 02:29:00,197.9
2024-03-12 02:30:00,197.1
2024-03-12 02:31:00,196.8
2024-03-12 02:32:00,197.2
2024-03-12 02:33:00,197.2
2024-03-12 02:34:00,198.5
2024-03-12 02:35:00,197.6
2024-03-12 02:36:00,198.5
2024-03-12 02:37:00,196.8
2024-03-12 02:38:00,197.0
2024-03-12 02:39:00,196.5
2024-03-12 02:40:00,308.3
2024-03-12 02:41:00,213.0
2024-03-12 02:42:00,218.1
2024-03-12 02:43:00,225.4
2024-03-12 02:44:00,223.4
2024-03-12 02:45:00,223.4
2024-03-12 02:46:00,223.8
2024-03-12 02:47:00,223.4
2024-03-12 02:48:00,222.9
2024-03-12 02:49:00,223.7
2024-03-12 02:50:00,223.2
2024-03-12 02:51:00,735.2
2024-03-12 02:52:00,333.3
2024-03-12 02:53:00,219.9
2024-03-12 02:54:00,220.1
2024-03-12 02:55:00,219.9
2024-03-12 02:56:00,218.8
2024-03-12 02:57:00,218.2
2024-03-12 02:58:00,218.5
2024-03-12 02:59:00,208.8
2024-03-12 03:00:00,196.3
2024-03-12 03:01:00,197.3
2024-03-12 03:02:00,195.9
2024-03-12 03:03:00,195.2
2024-03-12 03:04:00,196.4
2024-03-12 03:05:00,196.9
2024-03-12 03:06:00,196.6
2024-03-12 03:07:00,196.3
2024-03-12 03:08:00,195.3
2024-03-12 03:09:00,197.2
2024-03-12 03:10:00,196.2
2024-03-12 03:11:00,195.8
2024-03-12 03:12:00,195.8
2024-03-12 03:13:00,196.7
2024-03-12 03:14:00,195.4
2024-03-12 03:15:00,195.2
2024-03-12 03:16:00,195.7
2024-03-12 03:17:00,195.8
2024-03-12 03:18:00,194.5
2024-03-12 03:19:00,194.1
2024-03-12 03:20:00,195.8
2024-03-12 03:21:00,194.4
2024-03-12 03:22:00,193.4
2024-03-12 03:23:00,430.5
2024-03-12 03:24:00,447.6
2024-03-12 03:25:00,192.1
2024-03-12 03:26:00,191.9
2024-03-12 03:27:00,193.0
2024-03-12 03:28:00,243.2
2024-03-12 03:29:00,213.3
2024-03-12 03:30:00,208.5
2024-03-12 03:31:00,214.2
2024-03-12 03:32:00,217.6
2024-03-12 03:33:00,217.7
2024-03-12 03:34:00,219.6
2024-03-12 03:35:00,221.6
2024-03-12 03:36:00,219.5
2024-03-12 03:37:00,222.6
2024-03-12 03:38:00,223.1
2024-03-12 03:39:00,223.3
2024-03-12 03:40:00,221.9
2024-03-12 03:41:00,222.0
2024-03-12 03:42:00,228.1
2024-03-12 03:43:00,226.4
2024-03-12 03:44:00,224.9
2024-03-12 03:45:00,223.2
2024-03-12 03:46:00,222.9
2024-03-12 03:47:00,220.4
2024-03-12 03:48:00,220.0
2024-03-12 03:49:00,237.8
2024-03-12 03:50:00,219.2
2024-03-12 03:51:00,218.4
2024-03-12 03:52:00,217.9
2024-03-12 03:53:00,219.3
2024-03-12 03:54:00,218.0
2024-03-12 03:55:00,218.1
2024-03-12 03:56:00,722.9
2024-03-12 03:57:00,272.0
2024-03-12 03:58:00,197.8
2024-03-12 03:59:00,192.7
2024-03-12 04:00:00,194.2
2024-03-12 04:01:00,194.6
2024-03-12 04:02:00,193.1
2024-03-12 04:03:00,193.1
2024-03-12 04:04:00,193.3
2024-03-12 04:05:00,196.7
2024-03-12 04:06:00,194.7
2024-03-12 04:07:00,194.0
2024-03-12 04:08:00,196.0
2024-03-12 04:09:00,194.7
2024-03-12 04:10:00,193.9
2024-03-12 04:11:00,194.8
2024-03-12 04:12:00,195.3
2024-03-12 04:13:00,194.1
2024-03-12 04:14:00,193.6
2024-03-12 04:15:00,193.9
2024-03-12 04:16:00,193.1
2024-03-12 04:17:00,192.4
2024-03-12 04:18:00,192.9
2024-03-12 04:19:00,193.8
2024-03-12 04:20:00,203.7
2024-03-12 04:21:00,193.0
2024-03-12 04:22:00,193.2
2024-03-12 04:23:00,195.3
2024-03-12 04:24:00,193.6
2024-03-12 04:25:00,193.7
2024-03-12 04:26:00,194.7
2024-03-12 04:27:00,192.8
2024-03-12 04:28:00,193.6
2024-03-12 04:29:00,305.8
2024-03-12 04:30:00,635.0
2024-03-12 04:31:00,193.6
2024-03-12 04:32:00,192.2
2024-03-12 04:33:00,192.8
2024-03-12 04:34:00,193.8
2024-03-12 04:35:00,194.3
2024-03-12 04:36:00,193.1
2024-03-12 04:37:00,194.2
2024-03-12 04:38:00,194.0
2024-03-12 04:39:00,192.7
2024-03-12 04:40:00,192.2
2024-03-12 04:41:00,193.3
2024-03-12 04:42:00,192.0
2024-03-12 04:43:00,235.4
2024-03-12 04:44:00,217.1
2024-03-12 04:45:00,224.5
2024-03-12 04:46:00,216.3
2024-03-12 04:47:00,222.9
2024-03-12 04:48:00,217.4
2024-03-12 04:49:00,218.4
2024-03-12 04:50:00,216.2
2024-03-12 04:51:00,248.4
2024-03-12 04:52:00,250.1
2024-03-12 04:53:00,254.6
2024-03-12 04:54:00,246.7
2024-03-12 04:55:00,254.5
2024-03-12 04:56:00,249.6
2024-03-12 04:57:00,246.9
2024-03-12 04:58:00,251.8
2024-03-12 04:59:00,246.8
2024-03-12 05:00:00,244.7
2024-03-12 05:01:00,218.9
2024-03-12 05:02:00,218.2
2024-03-12 05:03:00,322.7
2024-03-12 05:04:00,632.7
2024-03-12 05:05:00,223.2
2024-03-12 05:06:00,219.6
2024-03-12 05:07:00,222.0
2024-03-12 05:08:00,223.6
2024-03-12 05:09:00,218.4
2024-03-12 05:10:00,222.6
2024-03-12 05:11:00,219.9
2024-03-12 05:12:00,219.9
2024-03-12 05:13:00,223.4
2024-03-12 05:14:00,220.6
2024-03-12 05:15:00,224.1
2024-03-12 05:16:00,221.1
2024-03-12 05:17:00,219.1
2024-03-12 05:18:00,224.9
2024-03-12 05:19:00,221.7
2024-03-12 05:20:00,223.0
2024-03-12 05:21:00,221.0
2024-03-12 05:22:00,222.9
2024-03-12 05:23:00,224.6
2024-03-12 05:24:00,219.3
2024-03-12 05:25:00,223.1
2024-03-12 05:26:00,223.3
2024-03-12 05:27:00,218.1
2024-03-12 05:28:00,223.2
2024-03-12 05:29:00,219.1
2024-03-12 05:30:00,220.1
2024-03-12 05:31:00,222.2
2024-03-12 05:32:00,218.3
2024-03-12 05:33:00,224.6
2024-03-12 05:34:00,222.1
2024-03-12 05:35:00,221.7
2024-03-12 05:36:00,291.8
2024-03-12 05:37:00,243.3
2024-03-12 05:38:00,637.2
2024-03-12 05:39:00,498.8
2024-03-12 05:40:00,256.2
2024-03-12 05:41:00,260.0
2024-03-12 05:42:00,253.7
2024-03-12 05:43:00,261.6
2024-03-12 05:44:00,256.6
2024-03-12 05:45:00,256.2
2024-03-12 05:46:00,261.5
2024-03-12 05:47:00,255.6
2024-03-12 05:48:00,262.1
2024-03-12 05:49:00,261.0
2024-03-12 05:50:00,259.8
2024-03-12 05:51:00,266.7
2024-03-12 05:52:00,257.0
2024-03-12 05:53:00,260.7
2024-03-12 05:54:00,252.9
2024-03-12 05:55:00,254.8
2024-03-12 05:56:00,262.6
2024-03-12 05:57:00,255.1
2024-03-12 05:58:00,260.2
2024-03-12 05:59:00,256.5
2024-03-12 06:00:00,270.5
2024-03-12 06:01:00,260.1
2024-03-12 06:02:00,257.9
2024-03-12 06:03:00,258.9
2024-03-12 06:04:00,254.5
2024-03-12 06:05:00,247.2
2024-03-12 06:06:00,227.5
2024-03-12 06:07:00,220.6
2024-03-12 06:08:00,226.6
2024-03-12 06:09:00,223.9
2024-03-12 06:10:00,223.2
2024-03-12 06:11:00,228.7
2024-03-12 06:12:00,224.6
2024-03-12 06:13:00,226.5
2024-03-12 06:14:00,788.0
2024-03-12 06:15:00,225.8
2024-03-12 06:16:00,229.6
2024-03-12 06:17:00,225.8
2024-03-12 06:18:00,226.4
2024-03-12 06:19:00,226.8
2024-03-12 06:20:00,225.1
2024-03-12 06:21:00,228.0
2024-03-12 06:22:00,222.6
2024-03-12 06:23:00,224.5
2024-03-12 06:24:00,225.8
2024-03-12 06:25:00,222.9
2024-03-12 06:26:00,246.1
2024-03-12 06:27:00,242.2
2024-03-12 06:28:00,260.2
2024-03-12 06:29:00,302.4
2024-03-12 06:30:00,251.5
2024-03-12 06:31:00,247.3
2024-03-12 06:32:00,497.3
2024-03-12 06:33:00,1884.6
2024-03-12 06:34:00,517.9
2024-03-12 06:35:00,301.3
2024-03-12 06:36:00,303.2
2024-03-12 06:37:00,290.5
2024-03-12 06:38:00,241.3
2024-03-12 06:39:00,244.3
2024-03-12 06:40:00,241.3
2024-03-12 06:41:00,246.4
2024-03-12 06:42:00,243.0
2024-03-12 06:43:00,241.2
2024-03-12 06:44:00,254.1
2024-03-12 06:45:00,293.9
2024-03-12 06:46:00,296.7
2024-03-12 06:47:00,1350.3
2024-03-12 06:48:00,1085.3
2024-03-12 06:49:00,1019.7
2024-03-12 06:50:00,1585.5
2024-03-12 06:51:00,1558.2
2024-03-12 06:52:00,1156.8
2024-03-12 06:53:00,335.6
2024-03-12 06:54:00,334.0
2024-03-12 06:55:00,274.2
2024-03-12 06:56:00,354.2
2024-03-12 06:57:00,415.9
2024-03-12 06:58:00,373.5
2024-03-12 06:59:00,323.1
2024-03-12 07:00:00,320.8
2024-03-12 07:01:00,342.3
2024-03-12 07:02:00,443.4
2024-03-12 07:03:00,366.0
2024-03-12 07:04:00,339.8
2024-03-12 07:05:00,333.6
2024-03-12 07:06:00,336.7
2024-03-12 07:07:00,298.0
2024-03-12 07:08:00,264.7
2024-03-12 07:09:00,255.7
2024-03-12 07:10:00,251.1
2024-03-12 07:11:00,247.1
2024-03-12 07:12:00,328.4
2024-03-12 07:13:00,328.1
2024-03-12 07:14:00,310.2
2024-03-12 07:15:00,326.7
2024-03-12 07:16:00,332.0
2024-03-12 07:17:00,338.1
2024-03-12 07:18:00,336.1
2024-03-12 07:19:00,345.7
2024-03-12 07:20:00,342.0
2024-03-12 07:21:00,344.5
2024-03-12 07:22:00,344.6
2024-03-12 07:23:00,308.3
2024-03-12 07:24:00,254.8
2024-03-12 07:25:00,749.2
2024-03-12 07:26:00,322.8
2024-03-12 07:27:00,402.1
2024-03-12 07:28:00,613.7
2024-03-12 07:29:00,255.4
2024-03-12 07:30:00,247.4
2024-03-12 07:31:00,246.5
2024-03-12 07:32:00,703.1
2024-03-12 07:33:00,937.4
2024-03-12 07:34:00,255.9
2024-03-12 07:35:00,280.2
2024-03-12 07:36:00,273.9
2024-03-12 07:37:00,288.8
2024-03-12 07:38:00,910.4
2024-03-12 07:39:00,788.5
2024-03-12 07:40:00,648.5
2024-03-12 07:41:00,339.6
2024-03-12 07:42:00,344.7
2024-03-12 07:43:00,337.2
2024-03-12 07:44:00,343.7
2024-03-12 07:45:00,395.0
2024-03-12 07:46:00,667.2
2024-03-12 07:47:00,506.7
2024-03-12 07:48:00,1192.7
2024-03-12 07:49:00,1239.8
2024-03-12 07:50:00,1281.1
2024-03-12 07:51:00,1277.9
2024-03-12 07:52:00,1279.8
2024-03-12 07:53:00,1272.3
2024-03-12 07:54:00,1276.6
2024-03-12 07:55:00,1271.0
2024-03-12 07:56:00,1277.7
2024-03-12 07:57:00,1284.5
2024-03-12 07:58:00,1625.4
2024-03-12 07:59:00,1192.0
2024-03-12 08:00:00,1180.6
2024-03-12 08:01:00,1305.0
2024-03-12 08:02:00,1680.3
2024-03-12 08:03:00,450.6
2024-03-12 08:04:00,374.5
2024-03-12 08:05:00,1041.6
2024-03-12 08:06:00,473.4
2024-03-12 08:07:00,474.9
2024-03-12 08:08:00,409.2
2024-03-12 08:09:00,426.3
2024-03-12 08:10:00,1007.2
2024-03-12 08:11:00,2383.4
2024-03-12 08:12:00,2802.0
2024-03-12 08:13:00,2354.9
2024-03-12 08:14:00,2858.2
2024-03-12 08:15:00,1432.1
2024-03-12 08:16:00,1407.2
2024-03-12 08:17:00,562.2
2024-03-12 08:18:00,582.2
2024-03-12 08:19:00,560.2
2024-03-12 08:20:00,570.2
2024-03-12 08:21:00,531.1
2024-03-12 08:22:00,519.0
2024-03-12 08:23:00,519.3
2024-03-12 08:24:00,524.3
2024-03-12 08:25:00,544.4
2024-03-12 08:26:00,509.8
2024-03-12 08:27:00,532.5
2024-03-12 08:28:00,511.9
2024-03-12 08:29:00,558.6
2024-03-12 08:30:00,520.7
2024-03-12 08:31:00,490.6
2024-03-12 08:32:00,506.3
2024-03-12 08:33:00,570.2
2024-03-12 08:34:00,576.4
2024-03-12 08:35:00,537.0
2024-03-12 08:36:00,799.3
2024-03-12 08:37:00,456.9
2024-03-12 08:38:00,453.3
2024-03-12 08:39:00,455.7
2024-03-12 08:40:00,457.9
2024-03-12 08:41:00,457.1
2024-03-12 08:42:00,454.4
2024-03-12 08:43:00,925.4
2024-03-12 08:44:00,473.5
2024-03-12 08:45:00,464.7
2024-03-12 08:46:00,462.8
2024-03-12 08:47:00,528.9
2024-03-12 08:48:00,581.9
2024-03-12 08:49:00,515.3
2024-03-12 08:50:00,525.1
2024-03-12 08:51:00,649.7
2024-03-12 08:52:00,593.1
2024-03-12 08:53:00,501.7
2024-03-12 08:54:00,499.4
2024-03-12 08:55:00,494.6
2024-03-12 08:56:00,516.9
2024-03-12 08:57:00,1823.1
2024-03-12 08:58:00,2399.9
2024-03-12 08:59:00,2403.9
2024-03-12 09:00:00,2401.5
2024-03-12 09:01:00,2396.0
2024-03-12 09:02:00,694.3
2024-03-12 09:03:00,1390.2
2024-03-12 09:04:00,998.9
2024-03-12 09:05:00,523.6
2024-03-12 09:06:00,470.3
2024-03-12 09:07:00,462.5
2024-03-12 09:08:00,472.2
2024-03-12 09:09:00,481.1
2024-03-12 09:10:00,458.4
2024-03-12 09:11:00,469.7
2024-03-12 09:12:00,455.6
2024-03-12 09:13:00,479.0
2024-03-12 09:14:00,473.8
2024-03-12 09:15:00,465.0
2024-03-12 09:16:00,467.2
2024-03-12 09:17:00,459.6
2024-03-12 09:18:00,485.7
2024-03-12 09:19:00,540.3
2024-03-12 09:20:00,506.1
2024-03-12 09:21:00,521.8
2024-03-12 09:22:00,967.2
2024-03-12 09:23:00,713.4
2024-03-12 09:24:00,535.0
2024-03-12 09:25:00,667.2
2024-03-12 09:26:00,716.4
2024-03-12 09:27:00,591.8
2024-03-12 09:28:00,569.7
2024-03-12 09:29:00,463.0
2024-03-12 09:30:00,328.0
2024-03-12 09:31:00,314.3
2024-03-12 09:32:00,306.6
2024-03-12 09:33:00,312.9
2024-03-12 09:34:00,312.5
2024-03-12 09:35:00,336.1
2024-03-12 09:36:00,1290.1
2024-03-12 09:37:00,2254.4
2024-03-12 09:38:00,2242.3
2024-03-12 09:39:00,2250.3
2024-03-12 09:40:00,1370.8
2024-03-12 09:41:00,337.3
2024-03-12 09:42:00,328.3
2024-03-12 09:43:00,336.3
2024-03-12 09:44:00,293.6
2024-03-12 09:45:00,290.3
2024-03-12 09:46:00,299.6
2024-03-12 09:47:00,282.2
2024-03-12 09:48:00,295.6
2024-03-12 09:49:00,279.3
2024-03-12 09:50:00,299.1
2024-03-12 09:51:00,291.1
2024-03-12 09:52:00,289.1
2024-03-12 09:53:00,284.2
2024-03-12 09:54:00,295.8
2024-03-12 09:55:00,284.2
2024-03-12 09:56:00,295.8
2024-03-12 09:57:00,326.7
2024-03-12 09:58:00,398.6
2024-03-12 09:59:00,277.9
2024-03-12 10:00:00,279.1
2024-03-12 10:01:00,317.8
2024-03-12 10:02:00,769.0
2024-03-12 10:03:00,261.1
2024-03-12 10:04:00,257.3
2024-03-12 10:05:00,264.3
2024-03-12 10:06:00,262.5
2024-03-12 10:07:00,261.4
2024-03-12 10:08:00,263.9
2024-03-12 10:09:00,328.6
2024-03-12 10:10:00,330.3
2024-03-12 10:11:00,253.7
2024-03-12 10:12:00,258.8
2024-03-12 10:13:00,258.5
2024-03-12 10:14:00,260.0
2024-03-12 10:15:00,258.5
2024-03-12 10:16:00,259.0
2024-03-12 10:17:00,267.2
2024-03-12 10:18:00,255.9
2024-03-12 10:19:00,255.9
2024-03-12 10:20:00,259.2
2024-03-12 10:21:00,253.6
2024-03-12 10:22:00,260.7
2024-03-12 10:23:00,255.7
2024-03-12 10:24:00,257.0
2024-03-12 10:25:00,272.1
2024-03-12 10:26:00,333.2
2024-03-12 10:27:00,324.0
2024-03-12 10:28:00,256.2
2024-03-12 10:29:00,258.3
2024-03-12 10:30:00,323.5
2024-03-12 10:31:00,292.9
2024-03-12 10:32:00,297.6
2024-03-12 10:33:00,297.7
2024-03-12 10:34:00,298.2
2024-03-12 10:35:00,297.9
2024-03-12 10:36:00,302.4
2024-03-12 10:37:00,299.7
2024-03-12 10:38:00,299.5
2024-03-12 10:39:00,301.5
2024-03-12 10:40:00,297.5
2024-03-12 10:41:00,358.7
2024-03-12 10:42:00,754.4
2024-03-12 10:43:00,687.0
2024-03-12 10:44:00,299.2
2024-03-12 10:45:00,296.0
2024-03-12 10:46:00,295.7
2024-03-12 10:47:00,1283.6
2024-03-12 10:48:00,1205.3
2024-03-12 10:49:00,1237.1
2024-03-12 10:50:00,343.8
2024-03-12 10:51:00,288.1
2024-03-12 10:52:00,1058.5
2024-03-12 10:53:00,1571.3
2024-03-12 10:54:00,3057.5
2024-03-12 10:55:00,2242.8
2024-03-12 10:56:00,2232.3
2024-03-12 10:57:00,2247.0
2024-03-12 10:58:00,2245.0
2024-03-12 10:59:00,2236.6
2024-03-12 11:00:00,1092.1
2024-03-12 11:01:00,346.0
2024-03-12 11:02:00,306.0
2024-03-12 11:03:00,289.6
2024-03-12 11:04:00,333.5
2024-03-12 11:05:00,325.5
2024-03-12 11:06:00,302.6
2024-03-12 11:07:00,300.2
2024-03-12 11:08:00,291.3
2024-03-12 11:09:00,326.7
2024-03-12 11:10:00,347.9
2024-03-12 11:11:00,328.1
2024-03-12 11:12:00,343.8
2024-03-12 11:13:00,325.4
2024-03-12 11:14:00,394.1
2024-03-12 11:15:00,349.9
2024-03-12 11:16:00,332.8
2024-03-12 11:17:00,381.9
2024-03-12 11:18:00,332.9
2024-03-12 11:19:00,350.6
2024-03-12 11:20:00,477.5
2024-03-12 11:21:00,437.8
2024-03-12 11:22:00,696.0
2024-03-12 11:23:00,1032.2
2024-03-12 11:24:00,648.8
2024-03-12 11:25:00,671.8
2024-03-12 11:26:00,429.7
2024-03-12 11:27:00,325.2
2024-03-12 11:28:00,318.9
2024-03-12 11:29:00,319.2
2024-03-12 11:30:00,437.7
2024-03-12 11:31:00,308.4
2024-03-12 11:32:00,304.0
2024-03-12 11:33:00,303.7
2024-03-12 11:34:00,302.7
2024-03-12 11:35:00,305.0
2024-03-12 11:36:00,307.6
2024-03-12 11:37:00,314.6
2024-03-12 11:38:00,308.5
2024-03-12 11:39:00,299.1
2024-03-12 11:40:00,314.9
2024-03-12 11:41:00,309.6
2024-03-12 11:42:00,303.8
2024-03-12 11:43:00,328.9
2024-03-12 11:44:00,347.3
2024-03-12 11:45:00,415.0
2024-03-12 11:46:00,377.5
2024-03-12 11:47:00,1080.5
2024-03-12 11:48:00,2242.6
2024-03-12 11:49:00,2227.5
2024-03-12 11:50:00,2239.3
2024-03-12 11:51:00,1731.5
2024-03-12 11:52:00,2246.3
2024-03-12 11:53:00,2264.5
2024-03-12 11:54:00,2277.0
2024-03-12 11:55:00,2256.0
2024-03-12 11:56:00,2229.8
2024-03-12 11:57:00,2231.3
2024-03-12 11:58:00,2269.9
2024-03-12 11:59:00,2352.2
2024-03-12 12:00:00,2371.1
2024-03-12 12:01:00,2320.9
2024-03-12 12:02:00,2272.0
2024-03-12 12:03:00,2359.0
2024-03-12 12:04:00,2503.4
2024-03-12 12:05:00,1924.8
2024-03-12 12:06:00,521.1
2024-03-12 12:07:00,513.3
2024-03-12 12:08:00,514.1
2024-03-12 12:09:00,486.6
2024-03-12 12:10:00,482.3
2024-03-12 12:11:00,488.3
2024-03-12 12:12:00,497.0
2024-03-12 12:13:00,506.2
2024-03-12 12:14:00,501.0
2024-03-12 12:15:00,460.1
2024-03-12 12:16:00,459.0
2024-03-12 12:17:00,467.9
2024-03-12 12:18:00,463.3
2024-03-12 12:19:00,388.4
2024-03-12 12:20:00,440.6
2024-03-12 12:21:00,493.4
2024-03-12 12:22:00,496.5
2024-03-12 12:23:00,502.1
2024-03-12 12:24:00,457.0
2024-03-12 12:25:00,497.7
2024-03-12 12:26:00,517.2
2024-03-12 12:27:00,539.7
2024-03-12 12:28:00,536.6
2024-03-12 12:29:00,543.0
2024-03-12 12:30:00,467.2
2024-03-12 12:31:00,469.7
2024-03-12 12:32:00,384.8
2024-03-12 12:33:00,414.3
2024-03-12 12:34:00,416.9
2024-03-12 12:35:00,503.6
2024-03-12 12:36:00,582.5
2024-03-12 12:37:00,515.5
2024-03-12 12:38:00,781.4
2024-03-12 12:39:00,771.2
2024-03-12 12:40:00,443.3
2024-03-12 12:41:00,449.5
2024-03-12 12:42:00,555.2
2024-03-12 12:43:00,421.2
2024-03-12 12:44:00,246.1
2024-03-12 12:45:00,245.1
2024-03-12 12:46:00,555.1
2024-03-12 12:47:00,461.1
2024-03-12 12:48:00,249.7
2024-03-12 12:49:00,245.5
2024-03-12 12:50:00,247.7
2024-03-12 12:51:00,337.3
2024-03-12 12:52:00,288.6
2024-03-12 12:53:00,398.9
2024-03-12 12:54:00,493.9
2024-03-12 12:55:00,406.3
2024-03-12 12:56:00,574.8
2024-03-12 12:57:00,394.3
2024-03-12 12:58:00,301.8
2024-03-12 12:59:00,353.0
2024-03-12 13:00:00,437.5
2024-03-12 13:01:00,436.4
2024-03-12 13:02:00,447.3
2024-03-12 13:03:00,442.0
2024-03-12 13:04:00,438.4
2024-03-12 13:05:00,442.4
2024-03-12 13:06:00,374.5
2024-03-12 13:07:00,282.6
2024-03-12 13:08:00,281.5
2024-03-12 13:09:00,289.6
2024-03-12 13:10:00,286.2
2024-03-12 13:11:00,319.7
2024-03-12 13:12:00,285.9
2024-03-12 13:13:00,316.5
2024-03-12 13:14:00,466.3
2024-03-12 13:15:00,402.5
2024-03-12 13:16:00,533.9
2024-03-12 13:17:00,536.5
2024-03-12 13:18:00,550.8
2024-03-12 13:19:00,275.3
2024-03-12 13:20:00,388.9
2024-03-12 13:21:00,306.6
2024-03-12 13:22:00,373.9
2024-03-12 13:23:00,390.8
2024-03-12 13:24:00,378.4
2024-03-12 13:25:00,369.6
2024-03-12 13:26:00,399.0
2024-03-12 13:27:00,383.3
2024-03-12 13:28:00,317.6
2024-03-12 13:29:00,491.9
2024-03-12 13:30:00,506.2
2024-03-12 13:31:00,283.9
2024-03-12 13:32:00,332.2
2024-03-12 13:33:00,542.0
2024-03-12 13:34:00,611.4
2024-03-12 13:35:00,866.2
2024-03-12 13:36:00,450.9
2024-03-12 13:37:00,265.8
2024-03-12 13:38:00,547.7
2024-03-12 13:39:00,1624.2
2024-03-12 13:40:00,297.2
2024-03-12 13:41:00,352.4
2024-03-12 13:42:00,450.4
2024-03-12 13:43:00,431.2
2024-03-12 13:44:00,416.7
2024-03-12 13:45:00,299.3
2024-03-12 13:46:00,236.3
2024-03-12 13:47:00,242.9
2024-03-12 13:48:00,253.8
2024-03-12 13:49:00,353.8
2024-03-12 13:50:00,432.6
2024-03-12 13:51:00,499.9
2024-03-12 13:52:00,547.6
2024-03-12 13:53:00,428.9
2024-03-12 13:54:00,240.3
2024-03-12 13:55:00,262.0
2024-03-12 13:56:00,310.4
2024-03-12 13:57:00,421.1
2024-03-12 13:58:00,496.3
2024-03-12 13:59:00,520.0
2024-03-12 14:00:00,549.0
2024-03-12 14:01:00,541.4
2024-03-12 14:02:00,424.7
2024-03-12 14:03:00,278.3
2024-03-12 14:04:00,328.7
2024-03-12 14:05:00,1743.7
2024-03-12 14:06:00,1115.2
2024-03-12 14:07:00,504.8
2024-03-12 14:08:00,629.9
2024-03-12 14:09:00,515.3
2024-03-12 14:10:00,420.6
2024-03-12 14:11:00,913.0
2024-03-12 14:12:00,704.9
2024-03-12 14:13:00,401.0
2024-03-12 14:14:00,683.1
2024-03-12 14:15:00,1276.8
2024-03-12 14:16:00,595.5
2024-03-12 14:17:00,617.2
2024-03-12 14:18:00,543.0
2024-03-12 14:19:00,553.7
2024-03-12 14:20:00,779.5
2024-03-12 14:21:00,483.3
2024-03-12 14:22:00,476.6
2024-03-12 14:23:00,388.1
2024-03-12 14:24:00,405.3
2024-03-12 14:25:00,360.6
2024-03-12 14:26:00,342.4
2024-03-12 14:27:00,407.4
2024-03-12 14:28:00,363.0
2024-03-12 14:29:00,385.5
2024-03-12 14:30:00,459.2
2024-03-12 14:31:00,746.5
2024-03-12 14:32:00,377.3
2024-03-12 14:33:00,384.3
2024-03-12 14:34:00,553.9
2024-03-12 14:35:00,617.0
2024-03-12 14:36:00,519.1
2024-03-12 14:37:00,714.9
2024-03-12 14:38:00,543.7
2024-03-12 14:39:00,360.3
2024-03-12 14:40:00,365.3
2024-03-12 14:41:00,343.6
2024-03-12 14:42:00,307.3
2024-03-12 14:43:00,288.1
2024-03-12 14:44:00,284.4
2024-03-12 14:45:00,280.3
2024-03-12 14:46:00,280.9
2024-03-12 14:47:00,279.9
2024-03-12 14:48:00,278.3
2024-03-12 14:49:00,280.7
2024-03-12 14:50:00,283.5
2024-03-12 14:51:00,281.7
2024-03-12 14:52:00,283.1
2024-03-12 14:53:00,281.9
2024-03-12 14:54:00,408.6
2024-03-12 14:55:00,745.5
2024-03-12 14:56:00,285.6
2024-03-12 14:57:00,774.7
2024-03-12 14:58:00,329.9
2024-03-12 14:59:00,330.8
2024-03-12 15:00:00,332.6
2024-03-12 15:01:00,334.4
2024-03-12 15:02:00,328.6
2024-03-12 15:03:00,327.5
2024-03-12 15:04:00,330.3
2024-03-12 15:05:00,332.3
2024-03-12 15:06:00,334.7
2024-03-12 15:07:00,331.7
2024-03-12 15:08:00,385.2
2024-03-12 15:09:00,349.1
2024-03-12 15:10:00,891.1
2024-03-12 15:11:00,293.9
2024-03-12 15:12:00,290.6
2024-03-12 15:13:00,283.2
2024-03-12 15:14:00,280.2
2024-03-12 15:15:00,283.1
2024-03-12 15:16:00,307.1
2024-03-12 15:17:00,309.9
2024-03-12 15:18:00,310.4
2024-03-12 15:19:00,311.8
2024-03-12 15:20:00,312.7
2024-03-12 15:21:00,380.9
2024-03-12 15:22:00,692.9
2024-03-12 15:23:00,312.8
2024-03-12 15:24:00,317.8
2024-03-12 15:25:00,313.8
2024-03-12 15:26:00,316.0
2024-03-12 15:27:00,369.4
2024-03-12 15:28:00,366.7
2024-03-12 15:29:00,415.9
2024-03-12 15:30:00,469.2
2024-03-12 15:31:00,409.8
2024-03-12 15:32:00,350.5
2024-03-12 15:33:00,352.1
2024-03-12 15:34:00,352.2
2024-03-12 15:35:00,352.1
2024-03-12 15:36:00,359.8
2024-03-12 15:37:00,362.2
2024-03-12 15:38:00,360.2
2024-03-12 15:39:00,868.0
2024-03-12 15:40:00,358.8
2024-03-12 15:41:00,359.6
2024-03-12 15:42:00,358.1
2024-03-12 15:43:00,362.4
2024-03-12 15:44:00,357.1
2024-03-12 15:45:00,358.0
2024-03-12 15:46:00,408.6
2024-03-12 15:47:00,397.2
2024-03-12 15:48:00,407.6
2024-03-12 15:49:00,888.8
2024-03-12 15:50:00,651.4
2024-03-12 15:51:00,940.7
2024-03-12 15:52:00,419.7
2024-03-12 15:53:00,420.1
2024-03-12 15:54:00,420.0
2024-03-12 15:55:00,416.1
2024-03-12 15:56:00,360.8
2024-03-12 15:57:00,354.2
2024-03-12 15:58:00,356.5
2024-03-12 15:59:00,355.4
2024-03-12 16:00:00,355.4
2024-03-12 16:01:00,350.7
2024-03-12 16:02:00,353.2
2024-03-12 16:03:00,355.6
2024-03-12 16:04:00,344.4
2024-03-12 16:05:00,345.1
2024-03-12 16:06:00,332.3
2024-03-12 16:07:00,304.7
2024-03-12 16:08:00,307.7
2024-03-12 16:09:00,306.9
2024-03-12 16:10:00,301.7
2024-03-12 16:11:00,301.1
2024-03-12 16:12:00,306.3
2024-03-12 16:13:00,299.7
2024-03-12 16:14:00,300.2
2024-03-12 16:15:00,301.2
2024-03-12 16:16:00,302.0
2024-03-12 16:17:00,302.7
2024-03-12 16:18:00,299.9
2024-03-12 16:19:00,305.7
2024-03-12 16:20:00,304.4
2024-03-12 16:21:00,301.5
2024-03-12 16:22:00,301.0
2024-03-12 16:23:00,541.6
2024-03-12 16:24:00,557.0
2024-03-12 16:25:00,306.3
2024-03-12 16:26:00,307.0
2024-03-12 16:27:00,305.1
2024-03-12 16:28:00,302.6
2024-03-12 16:29:00,303.7
2024-03-12 16:30:00,302.1
2024-03-12 16:31:00,316.2
2024-03-12 16:32:00,307.1
2024-03-12 16:33:00,305.2
2024-03-12 16:34:00,307.0
2024-03-12 16:35:00,314.9
2024-03-12 16:36:00,301.6
2024-03-12 16:37:00,313.8
2024-03-12 16:38:00,298.6
2024-03-12 16:39:00,346.1
2024-03-12 16:40:00,348.5
2024-03-12 16:41:00,263.4
2024-03-12 16:42:00,261.7
2024-03-12 16:43:00,263.2
2024-03-12 16:44:00,310.5
2024-03-12 16:45:00,366.8
2024-03-12 16:46:00,270.9
2024-03-12 16:47:00,269.0
2024-03-12 16:48:00,268.8
2024-03-12 16:49:00,270.3
2024-03-12 16:50:00,268.9
2024-03-12 16:51:00,270.6
2024-03-12 16:52:00,366.0
2024-03-12 16:53:00,297.8
2024-03-12 16:54:00,300.4
2024-03-12 16:55:00,311.8
2024-03-12 16:56:00,322.0
2024-03-12 16:57:00,323.4
2024-03-12 16:58:00,317.8
2024-03-12 16:59:00,312.4
2024-03-12 17:00:00,307.2
2024-03-12 17:01:00,304.1
2024-03-12 17:02:00,306.6
2024-03-12 17:03:00,302.8
2024-03-12 17:04:00,306.8
2024-03-12 17:05:00,303.7
2024-03-12 17:06:00,304.2
2024-03-12 17:07:00,304.1
2024-03-12 17:08:00,355.4
2024-03-12 17:09:00,1025.1
2024-03-12 17:10:00,493.1
2024-03-12 17:11:00,733.5
2024-03-12 17:12:00,2094.5
2024-03-12 17:13:00,1425.7
2024-03-12 17:14:00,977.3
2024-03-12 17:15:00,806.7
2024-03-12 17:16:00,1282.1
2024-03-12 17:17:00,964.4
2024-03-12 17:18:00,1097.0
2024-03-12 17:19:00,1125.9
2024-03-12 17:20:00,1593.4
2024-03-12 17:21:00,1355.0
2024-03-12 17:22:00,1450.0
2024-03-12 17:23:00,1270.5
2024-03-12 17:24:00,1179.3
2024-03-12 17:25:00,1383.0
2024-03-12 17:26:00,811.5
2024-03-12 17:27:00,756.4
2024-03-12 17:28:00,882.6
2024-03-12 17:29:00,1578.3
2024-03-12 17:30:00,1282.4
2024-03-12 17:31:00,1536.1
2024-03-12 17:32:00,427.7
2024-03-12 17:33:00,659.4
2024-03-12 17:34:00,454.1
2024-03-12 17:35:00,784.4
2024-03-12 17:36:00,629.6
2024-03-12 17:37:00,1060.1
2024-03-12 17:38:00,1732.5
2024-03-12 17:39:00,1044.3
2024-03-12 17:40:00,1242.0
2024-03-12 17:41:00,1099.6
2024-03-12 17:42:00,1473.5
2024-03-12 17:43:00,1495.6
2024-03-12 17:44:00,1207.8
2024-03-12 17:45:00,1446.2
2024-03-12 17:46:00,1439.2
2024-03-12 17:47:00,916.1
2024-03-12 17:48:00,502.7
2024-03-12 17:49:00,439.2
2024-03-12 17:50:00,374.8
2024-03-12 17:51:00,452.9
2024-03-12 17:52:00,515.2
2024-03-12 17:53:00,602.1
2024-03-12 17:54:00,603.4
2024-03-12 17:55:00,638.5
2024-03-12 17:56:00,780.1
2024-03-12 17:57:00,445.9
2024-03-12 17:58:00,500.0
2024-03-12 17:59:00,918.1
2024-03-12 18:00:00,2631.7
2024-03-12 18:01:00,2609.6
2024-03-12 18:02:00,2509.5
2024-03-12 18:03:00,2496.8
2024-03-12 18:04:00,2499.5
2024-03-12 18:05:00,2492.1
2024-03-12 18:06:00,2462.5
2024-03-12 18:07:00,2487.0
2024-03-12 18:08:00,2489.3
2024-03-12 18:09:00,1400.0
2024-03-12 18:10:00,544.0
2024-03-12 18:11:00,542.4
2024-03-12 18:12:00,509.8
2024-03-12 18:13:00,601.7
2024-03-12 18:14:00,595.7
2024-03-12 18:15:00,500.0
2024-03-12 18:16:00,533.4
2024-03-12 18:17:00,1830.1
2024-03-12 18:18:00,2324.7
2024-03-12 18:19:00,2238.8
2024-03-12 18:20:00,2234.3
2024-03-12 18:21:00,2239.1
2024-03-12 18:22:00,2252.7
2024-03-12 18:23:00,2214.1
2024-03-12 18:24:00,1640.6
2024-03-12 18:25:00,322.7
2024-03-12 18:26:00,333.8
2024-03-12 18:27:00,2234.0
2024-03-12 18:28:00,2440.8
2024-03-12 18:29:00,2280.4
2024-03-12 18:30:00,838.2
2024-03-12 18:31:00,325.2
2024-03-12 18:32:00,912.9
2024-03-12 18:33:00,2249.7
2024-03-12 18:34:00,2318.9
2024-03-12 18:35:00,2337.6
2024-03-12 18:36:00,2335.3
2024-03-12 18:37:00,2235.2
2024-03-12 18:38:00,463.7
2024-03-12 18:39:00,427.8
2024-03-12 18:40:00,456.1
2024-03-12 18:41:00,487.1
2024-03-12 18:42:00,1856.8
2024-03-12 18:43:00,2274.9
2024-03-12 18:44:00,1255.3
2024-03-12 18:45:00,720.5
2024-03-12 18:46:00,329.0
2024-03-12 18:47:00,309.3
2024-03-12 18:48:00,301.8
2024-03-12 18:49:00,324.8
2024-03-12 18:50:00,412.1
2024-03-12 18:51:00,377.8
2024-03-12 18:52:00,322.2
2024-03-12 18:53:00,333.8
2024-03-12 18:54:00,337.0
2024-03-12 18:55:00,299.4
2024-03-12 18:56:00,288.8
2024-03-12 18:57:00,292.9
2024-03-12 18:58:00,291.4
2024-03-12 18:59:00,292.8
2024-03-12 19:00:00,292.0
2024-03-12 19:01:00,294.2
2024-03-12 19:02:00,316.5
2024-03-12 19:03:00,341.3
2024-03-12 19:04:00,339.3
2024-03-12 19:05:00,345.3
2024-03-12 19:06:00,448.7
2024-03-12 19:07:00,420.0
2024-03-12 19:08:00,353.9
2024-03-12 19:09:00,348.3
2024-03-12 19:10:00,357.0
2024-03-12 19:11:00,343.1
2024-03-12 19:12:00,1185.6
2024-03-12 19:13:00,1181.6
2024-03-12 19:14:00,1182.6
2024-03-12 19:15:00,1181.5
2024-03-12 19:16:00,1182.1
2024-03-12 19:17:00,1180.0
2024-03-12 19:18:00,1180.3
2024-03-12 19:19:00,1182.4
2024-03-12 19:20:00,1248.6
2024-03-12 19:21:00,1269.6
2024-03-12 19:22:00,1263.1
2024-03-12 19:23:00,1262.9
2024-03-12 19:24:00,1267.1
2024-03-12 19:25:00,1262.4
2024-03-12 19:26:00,1264.6
2024-03-12 19:27:00,1262.0
2024-03-12 19:28:00,1265.7
2024-03-12 19:29:00,1261.2
2024-03-12 19:30:00,1331.2
2024-03-12 19:31:00,1359.6
2024-03-12 19:32:00,1310.5
2024-03-12 19:33:00,1278.9
2024-03-12 19:34:00,1804.5
2024-03-12 19:35:00,1272.7
2024-03-12 19:36:00,1264.8
2024-03-12 19:37:00,1240.8
2024-03-12 19:38:00,1271.2
2024-03-12 19:39:00,1190.9
2024-03-12 19:40:00,355.1
2024-03-12 19:41:00,351.0
2024-03-12 19:42:00,348.7
2024-03-12 19:43:00,337.7
2024-03-12 19:44:00,337.4
2024-03-12 19:45:00,335.7
2024-03-12 19:46:00,412.7
2024-03-12 19:47:00,410.2
2024-03-12 19:48:00,500.5
2024-03-12 19:49:00,567.2
2024-03-12 19:50:00,567.8
2024-03-12 19:51:00,565.8
2024-03-12 19:52:00,507.2
2024-03-12 19:53:00,466.3
2024-03-12 19:54:00,466.4
2024-03-12 19:55:00,929.5
2024-03-12 19:56:00,1444.6
2024-03-12 19:57:00,416.1
2024-03-12 19:58:00,399.4
2024-03-12 19:59:00,377.4
2024-03-12 20:00:00,377.5
2024-03-12 20:01:00,378.8
2024-03-12 20:02:00,332.5
2024-03-12 20:03:00,332.5
2024-03-12 20:04:00,332.9
