t,T0,T1
2025-10-01 00:00:03,22.0,20.562
2025-10-01 00:01:03,22.0,20.625
2025-10-01 00:02:02,22.0,20.625
2025-10-01 00:03:02,22.0,20.562
2025-10-01 00:04:03,21.937,20.5
2025-10-01 00:05:03,22.0,20.5
2025-10-01 00:06:03,22.0,20.5
2025-10-01 00:07:03,21.937,20.5
2025-10-01 00:08:03,22.0,20.562
2025-10-01 00:09:03,21.937,20.562
2025-10-01 00:10:03,21.937,20.562
2025-10-01 00:11:03,22.0,20.562
2025-10-01 00:12:03,21.937,20.562
2025-10-01 00:13:02,22.0,20.562
2025-10-01 00:14:02,21.937,20.562
2025-10-01 00:15:03,21.937,20.562
2025-10-01 00:16:03,21.937,20.562
2025-10-01 00:17:03,21.937,20.562
2025-10-01 00:18:03,21.937,20.562
2025-10-01 00:19:03,21.937,20.562
2025-10-01 00:20:03,22.0,20.562
2025-10-01 00:21:03,21.937,20.625
2025-10-01 00:22:03,21.937,20.562
2025-10-01 00:23:03,21.937,20.562
2025-10-01 00:24:03,22.0,
2025-10-01 00:25:02,21.937,20.562
2025-10-01 00:26:03,21.937,20.562
2025-10-01 00:27:03,21.937,20.562
2025-10-01 00:28:03,21.937,20.562
2025-10-01 00:29:03,21.875,20.5
2025-10-01 00:30:03,21.937,20.562
2025-10-01 00:31:03,21.937,20.562
2025-10-01 00:32:03,21.937,20.562
2025-10-01 00:33:03,21.875,20.5
2025-10-01 00:34:03,21.937,20.5
2025-10-01 00:35:02,21.937,20.5
2025-10-01 00:36:02,21.875,20.5
2025-10-01 00:37:03,21.937,20.5
2025-10-01 00:38:03,21.875,20.562
2025-10-01 00:39:03,21.937,20.5
2025-10-01 00:40:03,21.875,20.5
2025-10-01 00:41:03,21.937,20.5
2025-10-01 00:42:03,21.875,20.5
2025-10-01 00:43:03,21.875,20.5
2025-10-01 00:44:03,21.875,20.5
2025-10-01 00:45:03,21.937,20.5
2025-10-01 00:46:02,21.875,20.5
2025-10-01 00:47:02,21.937,20.437
2025-10-01 00:48:03,21.875,20.437
2025-10-01 00:49:03,21.875,20.5
2025-10-01 00:50:03,21.875,20.5
2025-10-01 00:51:03,21.937,20.5
2025-10-01 00:52:03,21.875,20.5
2025-10-01 00:53:03,21.937,20.5
2025-10-01 00:54:03,21.937,20.5
2025-10-01 00:55:03,21.937,20.437
2025-10-01 00:56:03,21.937,20.375
2025-10-01 00:57:02,21.875,20.437
2025-10-01 00:58:03,21.937,20.437
2025-10-01 00:59:03,21.875,20.437
2025-10-01 01:00:03,21.875,20.437
2025-10-01 01:01:03,21.875,20.437
2025-10-01 01:02:03,21.875,20.437
2025-10-01 01:03:03,21.812,20.437
2025-10-01 01:04:03,21.875,20.437
2025-10-01 01:05:03,21.875,20.437
2025-10-01 01:06:03,21.812,20.5
2025-10-01 01:07:03,21.812,20.437
2025-10-01 01:08:02,21.875,20.437
2025-10-01 01:09:03,21.812,20.5
2025-10-01 01:10:03,21.812,20.437
2025-10-01 01:11:03,21.812,20.437
2025-10-01 01:12:03,21.812,20.437
2025-10-01 01:13:03,21.812,20.437
2025-10-01 01:14:03,21.812,20.375
2025-10-01 01:15:03,21.812,20.437
2025-10-01 01:16:03,21.812,20.437
2025-10-01 01:17:03,21.812,20.437
2025-10-01 01:18:02,21.812,20.5
2025-10-01 01:19:02,21.812,20.437
2025-10-01 01:20:03,21.875,20.437
2025-10-01 01:21:03,21.812,20.437
2025-10-01 01:22:03,21.812,20.437
2025-10-01 01:23:03,21.812,20.437
2025-10-01 01:24:03,21.812,20.375
2025-10-01 01:25:03,21.812,20.437
2025-10-01 01:26:03,21.812,20.437
2025-10-01 01:27:03,21.812,20.375
2025-10-01 01:28:02,21.812,20.375
2025-10-01 01:29:02,21.812,20.437
2025-10-01 01:30:03,21.812,20.375
2025-10-01 01:31:03,21.75,20.437
2025-10-01 01:32:03,21.75,20.437
2025-10-01 01:33:03,21.812,20.437
2025-10-01 01:34:03,21.75,20.375
2025-10-01 01:35:03,21.75,20.437
2025-10-01 01:36:03,21.75,20.437
2025-10-01 01:37:03,21.75,20.437
2025-10-01 01:38:03,21.75,20.375
2025-10-01 01:39:02,21.812,20.437
2025-10-01 01:40:03,21.812,20.437
2025-10-01 01:41:03,21.812,20.5
2025-10-01 01:42:03,21.75,20.437
2025-10-01 01:43:03,21.75,20.375
2025-10-01 01:44:03,21.75,20.375
2025-10-01 01:45:03,21.812,20.375
2025-10-01 01:46:03,21.75,20.312
2025-10-01 01:47:03,21.75,20.375
2025-10-01 01:48:03,21.75,20.375
2025-10-01 01:49:03,21.75,20.375
2025-10-01 01:50:02,21.75,20.375
2025-10-01 01:51:03,21.75,20.375
2025-10-01 01:52:03,21.75,20.375
2025-10-01 01:53:03,21.75,20.375
2025-10-01 01:54:03,21.75,20.375
2025-10-01 01:55:03,21.687,20.375
2025-10-01 01:56:03,21.75,20.312
2025-10-01 01:57:03,21.75,20.375
2025-10-01 01:58:03,21.687,20.375
2025-10-01 01:59:02,21.75,20.312
2025-10-01 02:00:03,21.75,20.312
2025-10-01 02:01:03,21.75,20.312
2025-10-01 02:02:03,21.687,20.375
2025-10-01 02:03:03,21.75,20.312
2025-10-01 02:04:03,21.687,20.375
2025-10-01 02:05:03,21.687,20.375
2025-10-01 02:06:03,21.75,20.312
2025-10-01 02:07:03,21.687,20.375
2025-10-01 02:08:03,21.687,20.312
2025-10-01 02:09:03,21.687,20.312
2025-10-01 02:10:02,21.687,20.312
2025-10-01 02:11:03,21.75,20.312
2025-10-01 02:12:03,21.687,20.312
2025-10-01 02:13:03,21.687,20.312
2025-10-01 02:14:03,21.687,20.312
2025-10-01 02:15:03,21.687,20.25
2025-10-01 02:16:03,21.687,20.312
2025-10-01 02:17:03,21.687,20.312
2025-10-01 02:18:03,21.625,20.312
2025-10-01 02:19:02,21.687,20.312
2025-10-01 02:20:02,21.625,20.25
2025-10-01 02:21:03,21.75,20.25
2025-10-01 02:22:03,21.687,20.25
2025-10-01 02:23:03,21.687,20.25
2025-10-01 02:24:03,21.625,20.25
2025-10-01 02:25:03,21.687,20.25
2025-10-01 02:26:03,21.625,20.25
2025-10-01 02:27:03,21.625,20.25
2025-10-01 02:28:03,21.687,20.312
2025-10-01 02:29:02,21.687,20.312
2025-10-01 02:30:03,21.625,20.312
2025-10-01 02:31:03,21.687,20.312
2025-10-01 02:32:03,21.687,20.312
2025-10-01 02:33:03,21.625,20.312
2025-10-01 02:34:03,21.687,20.312
2025-10-01 02:35:03,21.687,20.312
2025-10-01 02:36:03,21.625,20.312
2025-10-01 02:37:03,21.625,20.312
2025-10-01 02:38:03,21.625,20.312
2025-10-01 02:39:02,21.625,20.25
2025-10-01 02:40:02,21.625,20.312
2025-10-01 02:41:03,21.625,20.25
2025-10-01 02:42:03,21.625,20.25
2025-10-01 02:43:03,21.625,20.312
2025-10-01 02:44:03,21.562,20.25
2025-10-01 02:45:03,21.625,20.25
2025-10-01 02:46:03,21.625,20.25
2025-10-01 02:47:03,21.625,20.312
2025-10-01 02:48:03,21.625,20.25
2025-10-01 02:49:02,21.562,20.187
2025-10-01 02:50:03,21.562,20.25
2025-10-01 02:51:03,21.562,20.25
2025-10-01 02:52:03,21.562,20.25
2025-10-01 02:53:03,21.562,20.25
2025-10-01 02:54:03,21.562,20.25
2025-10-01 02:55:03,21.562,20.25
2025-10-01 02:56:03,21.562,20.25
2025-10-01 02:57:03,21.562,20.25
2025-10-01 02:58:03,21.625,20.25
2025-10-01 02:59:02,21.562,20.187
2025-10-01 03:00:03,21.625,20.187
2025-10-01 03:01:03,21.562,20.187
2025-10-01 03:02:03,21.625,20.187
2025-10-01 03:03:03,21.562,20.187
2025-10-01 03:04:03,21.562,20.25
2025-10-01 03:05:03,21.625,20.25
2025-10-01 03:06:03,21.562,20.187
2025-10-01 03:07:03,21.625,20.25
2025-10-01 03:08:02,21.562,20.187
2025-10-01 03:09:02,21.562,20.187
2025-10-01 03:10:03,21.562,20.187
2025-10-01 03:11:03,21.625,20.187
2025-10-01 03:12:03,21.562,20.187
2025-10-01 03:13:03,21.5,20.187
2025-10-01 03:14:03,21.562,20.25
2025-10-01 03:15:03,21.562,20.187
2025-10-01 03:16:03,21.5,20.187
2025-10-01 03:17:03,21.562,20.187
2025-10-01 03:18:02,21.5,20.187
2025-10-01 03:19:03,21.5,20.187
2025-10-01 03:20:03,21.5,20.25
2025-10-01 03:21:03,21.562,20.187
2025-10-01 03:22:03,21.5,20.187
2025-10-01 03:23:03,21.5,20.187
2025-10-01 03:24:03,21.562,20.187
2025-10-01 03:25:03,21.5,20.25
2025-10-01 03:26:03,21.5,20.187
2025-10-01 03:27:03,21.5,20.25
2025-10-01 03:28:02,21.562,20.187
2025-10-01 03:29:02,21.562,20.25
2025-10-01 03:30:03,21.437,20.187
2025-10-01 03:31:03,21.5,20.187
2025-10-01 03:32:03,21.562,20.187
2025-10-01 03:33:03,21.562,20.25
2025-10-01 03:34:03,21.5,20.187
2025-10-01 03:35:03,21.5,20.25
2025-10-01 03:36:03,21.5,20.187
2025-10-01 03:37:03,21.5,20.187
2025-10-01 03:38:02,21.5,20.187
2025-10-01 03:39:03,21.5,20.187
2025-10-01 03:40:03,21.5,20.187
2025-10-01 03:41:03,21.5,20.25
2025-10-01 03:42:03,21.5,20.187
2025-10-01 03:43:03,21.5,20.25
2025-10-01 03:44:03,21.437,20.187
2025-10-01 03:45:03,21.5,20.187
2025-10-01 03:46:03,21.5,20.187
2025-10-01 03:47:03,21.437,20.25
2025-10-01 03:48:02,21.5,20.187
2025-10-01 03:49:03,21.5,20.187
2025-10-01 03:50:03,21.437,20.25
2025-10-01 03:51:03,21.5,20.187
2025-10-01 03:52:03,21.5,20.187
2025-10-01 03:53:03,21.5,20.25
2025-10-01 03:54:03,21.5,20.187
2025-10-01 03:55:03,21.5,20.187
2025-10-01 03:56:03,21.5,20.187
2025-10-01 03:57:03,21.5,20.187
2025-10-01 03:58:02,21.562,20.187
2025-10-01 03:59:03,21.437,20.187
2025-10-01 04:00:03,21.5,20.187
2025-10-01 04:01:03,21.5,20.187
2025-10-01 04:02:03,21.437,20.125
2025-10-01 04:03:03,21.437,20.187
2025-10-01 04:04:03,21.437,20.187
2025-10-01 04:05:03,21.437,20.125
2025-10-01 04:06:03,21.437,20.187
2025-10-01 04:07:03,21.5,20.187
2025-10-01 04:08:02,21.437,20.187
2025-10-01 04:09:03,21.437,20.187
2025-10-01 04:10:03,21.437,20.187
2025-10-01 04:11:03,21.5,20.187
2025-10-01 04:12:03,21.5,20.187
2025-10-01 04:13:03,21.437,20.187
2025-10-01 04:14:03,21.437,20.187
2025-10-01 04:15:03,21.437,20.187
2025-10-01 04:16:03,21.437,20.125
2025-10-01 04:17:03,21.437,20.125
2025-10-01 04:18:02,21.437,20.125
2025-10-01 04:19:03,21.437,20.125
2025-10-01 04:20:03,21.437,20.125
2025-10-01 04:21:03,21.437,20.125
2025-10-01 04:22:03,21.437,20.125
2025-10-01 04:23:03,21.437,20.125
2025-10-01 04:24:03,21.437,20.125
2025-10-01 04:25:03,21.437,20.125
2025-10-01 04:26:03,21.437,20.125
2025-10-01 04:27:03,21.375,20.187
2025-10-01 04:28:03,21.437,20.125
2025-10-01 04:29:02,21.437,20.125
2025-10-01 04:30:03,21.437,20.125
2025-10-01 04:31:03,21.437,20.125
2025-10-01 04:32:03,21.375,20.125
2025-10-01 04:33:03,21.437,20.187
2025-10-01 04:34:03,21.437,20.125
2025-10-01 04:35:03,21.437,20.125
2025-10-01 04:36:03,21.437,20.125
2025-10-01 04:37:03,21.437,20.125
2025-10-01 04:38:02,21.437,20.187
2025-10-01 04:39:02,21.375,20.187
2025-10-01 04:40:03,21.437,20.125
2025-10-01 04:41:03,21.437,20.125
2025-10-01 04:42:03,21.375,20.125
2025-10-01 04:43:03,21.437,20.125
2025-10-01 04:44:03,21.437,20.125
2025-10-01 04:45:03,21.437,20.125
2025-10-01 04:46:03,21.375,20.187
2025-10-01 04:47:03,21.375,20.187
2025-10-01 04:48:02,21.437,20.125
2025-10-01 04:49:03,21.437,20.125
2025-10-01 04:50:03,21.375,20.125
2025-10-01 04:51:03,21.375,20.062
2025-10-01 04:52:03,21.375,20.125
2025-10-01 04:53:03,21.375,20.062
2025-10-01 04:54:03,21.437,20.0
2025-10-01 04:55:03,21.375,20.062
2025-10-01 04:56:03,21.375,20.125
2025-10-01 04:57:03,21.375,20.062
2025-10-01 04:58:02,21.437,20.062
2025-10-01 04:59:02,21.375,20.125
2025-10-01 05:00:03,21.375,20.125
2025-10-01 05:01:03,21.375,20.125
2025-10-01 05:02:03,21.375,20.125
2025-10-01 05:03:03,21.375,20.125
2025-10-01 05:04:03,21.375,20.125
2025-10-01 05:05:03,21.375,20.062
2025-10-01 05:06:03,21.312,20.062
2025-10-01 05:07:03,21.312,20.125
2025-10-01 05:08:02,21.312,20.062
2025-10-01 05:09:02,21.312,20.062
2025-10-01 05:10:03,21.312,20.0
2025-10-01 05:11:03,21.312,20.062
2025-10-01 05:12:03,21.312,20.062
2025-10-01 05:13:03,21.312,20.0
2025-10-01 05:14:03,21.312,20.062
2025-10-01 05:15:03,21.312,20.062
2025-10-01 05:16:03,21.312,20.062
2025-10-01 05:17:03,21.312,20.062
2025-10-01 05:18:03,21.312,20.062
2025-10-01 05:19:02,21.312,20.062
2025-10-01 05:20:02,21.312,20.062
2025-10-01 05:21:03,21.312,20.062
2025-10-01 05:22:03,21.312,20.0
2025-10-01 05:23:03,21.312,20.0
2025-10-01 05:24:03,21.312,20.062
2025-10-01 05:25:03,21.25,20.0
2025-10-01 05:26:03,21.312,20.062
2025-10-01 05:27:03,21.312,20.062
2025-10-01 05:28:02,21.312,20.0
2025-10-01 05:29:03,21.25,20.0
2025-10-01 05:30:03,21.25,20.0
2025-10-01 05:31:03,21.312,20.0
2025-10-01 05:32:03,21.25,20.0
2025-10-01 05:33:03,21.25,20.0
2025-10-01 05:34:03,21.25,20.0
2025-10-01 05:35:03,21.25,20.0
2025-10-01 05:36:03,21.312,20.0
2025-10-01 05:37:02,21.312,20.0
2025-10-01 05:38:02,21.25,19.937
2025-10-01 05:39:03,21.25,20.0
2025-10-01 05:40:03,21.25,20.0
2025-10-01 05:41:03,21.25,20.0
2025-10-01 05:42:03,21.25,20.0
2025-10-01 05:43:03,21.25,20.0
2025-10-01 05:44:03,21.187,20.0
2025-10-01 05:45:03,21.25,19.937
2025-10-01 05:46:03,21.25,20.0
2025-10-01 05:47:03,21.25,19.937
2025-10-01 05:48:02,21.25,20.0
2025-10-01 05:49:02,21.25,20.0
2025-10-01 05:50:03,21.25,20.0
2025-10-01 05:51:03,21.25,20.0
2025-10-01 05:52:03,21.25,20.0
2025-10-01 05:53:03,21.25,20.0
2025-10-01 05:54:03,21.25,20.0
2025-10-01 05:55:03,21.25,19.937
2025-10-01 05:56:03,21.25,19.937
2025-10-01 05:57:03,21.25,19.937
2025-10-01 05:58:03,21.25,19.937
2025-10-01 05:59:02,21.25,20.0
2025-10-01 06:00:02,21.25,20.0
2025-10-01 06:01:03,21.25,20.0
2025-10-01 06:02:03,21.25,20.0
2025-10-01 06:03:03,21.25,20.0
2025-10-01 06:04:03,21.25,20.0
2025-10-01 06:05:03,21.25,19.937
2025-10-01 06:06:03,21.25,20.0
2025-10-01 06:07:03,21.25,19.937
2025-10-01 06:08:03,21.25,19.937
2025-10-01 06:09:02,21.25,20.0
2025-10-01 06:10:02,21.25,20.0
2025-10-01 06:11:03,21.25,20.0
2025-10-01 06:12:03,21.25,19.937
2025-10-01 06:13:03,21.187,20.0
2025-10-01 06:14:03,21.25,19.937
2025-10-01 06:15:03,21.187,19.937
2025-10-01 06:16:03,21.187,19.937
2025-10-01 06:17:03,21.25,20.0
2025-10-01 06:18:03,21.187,19.937
2025-10-01 06:19:03,21.187,19.937
2025-10-01 06:20:02,21.25,19.937
2025-10-01 06:21:02,21.187,19.937
2025-10-01 06:22:03,21.187,19.937
2025-10-01 06:23:03,21.25,19.937
2025-10-01 06:24:03,21.187,19.937
2025-10-01 06:25:03,21.125,19.937
2025-10-01 06:26:03,21.125,19.937
2025-10-01 06:27:03,21.187,19.937
2025-10-01 06:28:03,21.125,19.875
2025-10-01 06:29:03,21.125,19.875
2025-10-01 06:30:03,21.187,19.875
2025-10-01 06:31:02,21.125,19.875
2025-10-01 06:32:03,21.125,19.875
2025-10-01 06:33:03,21.062,19.875
2025-10-01 06:34:03,21.125,19.937
2025-10-01 06:35:03,21.187,19.875
2025-10-01 06:36:03,21.125,19.875
2025-10-01 06:37:03,21.187,19.875
2025-10-01 06:38:03,21.125,19.875
2025-10-01 06:39:03,21.125,19.875
2025-10-01 06:40:03,21.125,19.812
2025-10-01 06:41:02,21.125,19.875
2025-10-01 06:42:02,21.187,19.875
2025-10-01 06:43:03,21.125,19.875
2025-10-01 06:44:03,21.187,19.875
2025-10-01 06:45:03,21.125,19.875
2025-10-01 06:46:03,21.125,19.875
2025-10-01 06:47:03,21.125,19.875
2025-10-01 06:48:03,21.125,19.875
2025-10-01 06:49:03,21.125,19.875
2025-10-01 06:50:03,21.125,19.875
2025-10-01 06:51:03,21.125,19.875
2025-10-01 06:52:02,21.125,19.875
2025-10-01 06:53:02,21.125,19.875
2025-10-01 06:54:03,21.125,19.937
2025-10-01 06:55:03,21.187,19.875
2025-10-01 06:56:03,21.187,19.875
2025-10-01 06:57:03,21.187,19.875
2025-10-01 06:58:03,21.187,19.875
2025-10-01 06:59:03,21.125,19.875
2025-10-01 07:00:03,21.187,19.937
2025-10-01 07:01:03,21.125,19.937
2025-10-01 07:02:02,21.187,19.875
2025-10-01 07:03:03,21.187,19.875
2025-10-01 07:04:03,21.187,19.937
2025-10-01 07:05:03,21.187,19.937
2025-10-01 07:06:03,21.125,19.937
2025-10-01 07:07:03,21.187,19.937
2025-10-01 07:08:03,21.187,19.937
2025-10-01 07:09:03,21.187,19.937
2025-10-01 07:10:03,21.125,19.875
2025-10-01 07:11:03,21.187,19.937
2025-10-01 07:12:02,21.187,19.875
2025-10-01 07:13:03,21.25,19.875
2025-10-01 07:14:03,21.187,19.875
2025-10-01 07:15:03,21.125,19.875
2025-10-01 07:16:03,21.187,19.875
2025-10-01 07:17:03,21.187,19.875
2025-10-01 07:18:03,21.25,19.875
2025-10-01 07:19:03,21.187,19.875
2025-10-01 07:20:03,21.187,19.875
2025-10-01 07:21:03,21.187,19.875
2025-10-01 07:22:02,21.25,19.937
2025-10-01 07:23:03,21.187,19.875
2025-10-01 07:24:03,21.187,19.937
2025-10-01 07:25:03,21.25,19.937
2025-10-01 07:26:03,21.187,19.875
2025-10-01 07:27:03,21.25,19.937
2025-10-01 07:28:03,21.25,19.875
2025-10-01 07:29:03,21.187,19.875
2025-10-01 07:30:03,21.187,19.937
2025-10-01 07:31:02,21.187,19.937
2025-10-01 07:32:03,21.187,19.875
2025-10-01 07:33:03,21.25,19.937
2025-10-01 07:34:03,21.25,19.937
2025-10-01 07:35:03,21.25,19.937
2025-10-01 07:36:03,21.25,19.937
2025-10-01 07:37:03,21.25,19.937
2025-10-01 07:38:03,21.25,19.937
2025-10-01 07:39:03,21.312,19.937
2025-10-01 07:40:03,21.312,19.937
2025-10-01 07:41:02,21.25,19.937
2025-10-01 07:42:02,21.312,19.875
2025-10-01 07:43:03,21.312,19.875
2025-10-01 07:44:03,21.312,19.937
2025-10-01 07:45:03,21.25,19.937
2025-10-01 07:46:03,21.25,19.937
2025-10-01 07:47:03,21.25,19.937
2025-10-01 07:48:03,21.25,19.875
2025-10-01 07:49:03,21.312,19.937
2025-10-01 07:50:03,21.312,19.937
2025-10-01 07:51:03,21.25,19.937
2025-10-01 07:52:02,21.312,19.875
2025-10-01 07:53:02,21.312,19.875
2025-10-01 07:54:03,21.25,19.937
2025-10-01 07:55:03,21.312,19.937
2025-10-01 07:56:03,21.25,19.875
2025-10-01 07:57:03,21.25,19.937
2025-10-01 07:58:03,21.312,19.937
2025-10-01 07:59:03,21.25,19.875
2025-10-01 08:00:03,21.25,19.937
2025-10-01 08:01:03,21.312,19.937
2025-10-01 08:02:03,21.312,19.937
2025-10-01 08:03:02,21.312,19.937
2025-10-01 08:04:03,21.375,19.937
2025-10-01 08:05:03,21.312,19.937
2025-10-01 08:06:03,21.312,19.937
2025-10-01 08:07:03,21.312,19.937
2025-10-01 08:08:03,21.312,19.875
2025-10-01 08:09:03,21.312,19.937
2025-10-01 08:10:03,21.312,19.937
2025-10-01 08:11:03,21.312,19.937
2025-10-01 08:12:03,21.312,19.937
2025-10-01 08:13:02,21.312,20.0
2025-10-01 08:14:02,21.312,19.875
2025-10-01 08:15:03,21.312,19.875
2025-10-01 08:16:03,21.25,19.937
2025-10-01 08:17:03,21.312,19.875
2025-10-01 08:18:03,21.312,19.937
2025-10-01 08:19:03,21.25,19.937
2025-10-01 08:20:03,21.312,19.875
2025-10-01 08:21:03,21.25,19.875
2025-10-01 08:22:03,21.25,19.875
2025-10-01 08:23:03,21.25,19.875
2025-10-01 08:24:03,21.312,19.875
2025-10-01 08:25:02,21.25,19.875
2025-10-01 08:26:03,21.25,19.875
2025-10-01 08:27:03,21.25,19.875
2025-10-01 08:28:03,21.25,19.875
2025-10-01 08:29:03,21.25,19.937
2025-10-01 08:30:03,21.25,19.875
2025-10-01 08:31:03,21.25,19.875
2025-10-01 08:32:03,21.25,19.937
2025-10-01 08:33:03,21.25,19.875
2025-10-01 08:34:02,21.187,19.875
2025-10-01 08:35:03,21.25,19.875
2025-10-01 08:36:03,21.25,19.875
2025-10-01 08:37:03,21.25,19.937
2025-10-01 08:38:03,21.25,19.875
2025-10-01 08:39:03,21.312,19.875
2025-10-01 08:40:03,21.25,19.875
2025-10-01 08:41:03,21.312,19.937
2025-10-01 08:42:03,21.25,19.937
2025-10-01 08:43:03,21.25,19.875
2025-10-01 08:44:02,21.25,19.875
2025-10-01 08:45:02,21.25,19.937
2025-10-01 08:46:03,21.25,19.875
2025-10-01 08:47:03,21.25,19.875
2025-10-01 08:48:03,21.187,19.875
2025-10-01 08:49:03,21.187,19.875
2025-10-01 08:50:03,21.25,19.875
2025-10-01 08:51:03,21.25,19.875
2025-10-01 08:52:03,21.25,19.875
2025-10-01 08:53:03,21.25,19.875
2025-10-01 08:54:02,21.25,19.937
2025-10-01 08:55:02,21.25,19.812
2025-10-01 08:56:03,21.187,19.875
2025-10-01 08:57:03,21.312,19.875
2025-10-01 08:58:03,21.25,19.875
2025-10-01 08:59:03,21.312,19.875
2025-10-01 09:00:03,21.25,19.875
2025-10-01 09:01:03,21.25,19.875
2025-10-01 09:02:03,21.25,19.875
2025-10-01 09:03:03,21.25,19.875
2025-10-01 09:04:02,21.187,19.875
2025-10-01 09:05:02,21.25,19.875
2025-10-01 09:06:03,21.25,19.875
2025-10-01 09:07:03,21.312,19.875
2025-10-01 09:08:03,21.25,19.875
2025-10-01 09:09:03,21.187,19.875
2025-10-01 09:10:03,21.25,19.812
2025-10-01 09:11:03,21.187,19.875
2025-10-01 09:12:03,21.25,19.875
2025-10-01 09:13:03,21.187,19.875
2025-10-01 09:14:02,21.187,19.875
2025-10-01 09:15:03,21.187,19.875
2025-10-01 09:16:03,21.187,19.875
2025-10-01 09:17:03,21.187,19.875
2025-10-01 09:18:03,21.187,19.875
2025-10-01 09:19:03,21.187,19.875
2025-10-01 09:20:03,21.25,19.812
2025-10-01 09:21:03,21.187,19.812
2025-10-01 09:22:03,21.187,19.875
2025-10-01 09:23:02,21.187,19.875
2025-10-01 09:24:02,21.187,19.875
2025-10-01 09:25:03,21.187,19.875
2025-10-01 09:26:03,21.187,19.875
2025-10-01 09:27:03,21.187,19.812
2025-10-01 09:28:03,21.187,19.812
2025-10-01 09:29:03,21.187,19.875
2025-10-01 09:30:03,21.187,19.812
2025-10-01 09:31:03,21.187,19.812
2025-10-01 09:32:03,21.187,19.812
2025-10-01 09:33:03,21.125,19.812
2025-10-01 09:34:02,21.187,19.812
2025-10-01 09:35:02,21.125,19.812
2025-10-01 09:36:03,21.187,19.875
2025-10-01 09:37:03,21.187,19.812
2025-10-01 09:38:03,21.187,19.812
2025-10-01 09:39:03,21.187,19.812
2025-10-01 09:40:03,21.125,19.812
2025-10-01 09:41:03,21.125,19.875
2025-10-01 09:42:03,21.125,19.812
2025-10-01 09:43:03,21.125,19.812
2025-10-01 09:44:03,21.125,19.75
2025-10-01 09:45:02,21.125,19.812
2025-10-01 09:46:03,21.187,19.812
2025-10-01 09:47:03,21.125,19.812
2025-10-01 09:48:03,21.125,19.75
2025-10-01 09:49:03,21.125,19.812
2025-10-01 09:50:03,21.125,19.75
2025-10-01 09:51:03,21.125,19.75
2025-10-01 09:52:03,21.125,19.812
2025-10-01 09:53:03,21.125,19.75
2025-10-01 09:54:03,21.125,19.75
2025-10-01 09:55:02,21.125,19.75
2025-10-01 09:56:02,21.125,19.75
2025-10-01 09:57:03,21.125,19.75
2025-10-01 09:58:03,21.125,19.75
2025-10-01 09:59:03,21.125,19.75
2025-10-01 10:00:03,21.062,19.687
2025-10-01 10:01:03,21.062,19.687
2025-10-01 10:02:03,21.0,19.75
2025-10-01 10:03:03,21.062,19.75
2025-10-01 10:04:03,21.187,19.687
2025-10-01 10:05:02,21.062,19.687
2025-10-01 10:06:03,21.062,19.75
2025-10-01 10:07:03,21.062,19.687
2025-10-01 10:08:03,21.062,19.687
2025-10-01 10:09:03,21.062,19.687
2025-10-01 10:10:03,21.125,19.687
2025-10-01 10:11:03,21.0,19.687
2025-10-01 10:12:03,21.062,19.687
2025-10-01 10:13:03,21.062,19.687
2025-10-01 10:14:02,21.062,19.687
2025-10-01 10:15:02,21.062,19.75
2025-10-01 10:16:03,21.062,19.687
2025-10-01 10:17:03,21.0,19.687
2025-10-01 10:18:03,21.062,19.687
2025-10-01 10:19:03,21.0,19.687
2025-10-01 10:20:03,21.0,19.687
2025-10-01 10:21:03,21.0,19.687
2025-10-01 10:22:03,21.0,19.687
2025-10-01 10:23:03,21.0,19.687
2025-10-01 10:24:02,21.0,19.687
2025-10-01 10:25:02,21.062,19.687
2025-10-01 10:26:03,21.0,19.625
2025-10-01 10:27:03,21.062,19.687
2025-10-01 10:28:03,21.125,19.687
2025-10-01 10:29:03,21.0,19.687
2025-10-01 10:30:03,21.0,19.687
2025-10-01 10:31:03,21.0,19.687
2025-10-01 10:32:03,21.0,19.687
2025-10-01 10:33:03,21.0,19.687
2025-10-01 10:34:03,21.0,19.687
2025-10-01 10:35:02,21.0,19.687
2025-10-01 10:36:03,21.0,19.625
2025-10-01 10:37:03,21.0,19.687
2025-10-01 10:38:03,20.937,19.687
2025-10-01 10:39:03,21.0,19.687
2025-10-01 10:40:03,21.0,19.687
2025-10-01 10:41:03,21.0,19.687
2025-10-01 10:42:03,20.937,19.687
2025-10-01 10:43:03,21.0,19.625
2025-10-01 10:44:03,21.0,19.687
2025-10-01 10:45:02,21.0,19.687
2025-10-01 10:46:03,21.0,19.625
2025-10-01 10:47:03,20.937,19.687
2025-10-01 10:48:03,21.062,19.687
2025-10-01 10:49:03,21.0,19.687
2025-10-01 10:50:03,21.062,19.687
2025-10-01 10:51:03,20.937,19.687
2025-10-01 10:52:03,21.0,19.625
2025-10-01 10:53:03,21.0,19.625
2025-10-01 10:54:03,21.0,19.687
2025-10-01 10:55:03,20.937,19.687
2025-10-01 10:56:02,21.0,19.687
2025-10-01 10:57:03,21.0,19.625
2025-10-01 10:58:03,21.0,19.687
2025-10-01 10:59:03,21.0,19.687
2025-10-01 11:00:03,21.0,19.687
2025-10-01 11:01:03,21.0,19.687
2025-10-01 11:02:03,21.0,19.687
2025-10-01 11:03:03,21.0,19.687
2025-10-01 11:04:03,21.0,19.687
2025-10-01 11:05:03,21.0,19.687
2025-10-01 11:06:02,21.0,19.625
2025-10-01 11:07:02,20.937,19.687
2025-10-01 11:08:03,21.0,19.687
2025-10-01 11:09:03,21.0,19.687
2025-10-01 11:10:03,21.0,19.687
2025-10-01 11:11:03,21.0,19.687
2025-10-01 11:12:03,21.0,19.687
2025-10-01 11:13:03,21.0,19.687
2025-10-01 11:14:03,21.0,19.687
2025-10-01 11:15:03,21.0,19.625
2025-10-01 11:16:02,21.0,19.687
2025-10-01 11:17:03,21.0,19.625
2025-10-01 11:18:03,21.062,19.625
2025-10-01 11:19:03,21.0,19.687
2025-10-01 11:20:03,21.0,19.625
2025-10-01 11:21:03,21.0,19.687
2025-10-01 11:22:03,21.0,19.687
2025-10-01 11:23:03,21.0,19.625
2025-10-01 11:24:03,21.0,19.625
2025-10-01 11:25:02,21.0,19.625
2025-10-01 11:26:03,21.062,19.625
2025-10-01 11:27:03,21.0,19.687
2025-10-01 11:28:03,21.0,19.625
2025-10-01 11:29:03,21.0,19.687
2025-10-01 11:30:03,20.937,19.625
2025-10-01 11:31:03,21.0,19.625
2025-10-01 11:32:03,21.0,19.625
2025-10-01 11:33:03,21.0,19.625
2025-10-01 11:34:02,21.0,19.625
2025-10-01 11:35:03,21.062,19.625
2025-10-01 11:36:03,21.0,19.625
2025-10-01 11:37:03,20.937,19.625
2025-10-01 11:38:03,21.0,19.625
2025-10-01 11:39:03,21.062,19.625
2025-10-01 11:40:03,20.937,19.625
2025-10-01 11:41:03,21.0,19.625
2025-10-01 11:42:03,20.937,19.625
2025-10-01 11:43:03,20.937,19.625
2025-10-01 11:44:02,20.937,19.625
2025-10-01 11:45:02,21.0,19.625
2025-10-01 11:46:03,21.0,19.625
2025-10-01 11:47:03,20.937,19.625
2025-10-01 11:48:03,20.937,19.625
2025-10-01 11:49:03,20.937,19.625
2025-10-01 11:50:03,20.937,19.562
2025-10-01 11:51:03,21.0,19.625
2025-10-01 11:52:03,20.937,19.625
2025-10-01 11:53:03,21.0,19.625
2025-10-01 11:54:02,20.937,19.562
2025-10-01 11:55:02,20.937,19.625
2025-10-01 11:56:03,20.937,19.562
2025-10-01 11:57:03,20.937,19.562
2025-10-01 11:58:03,21.0,19.625
2025-10-01 11:59:03,20.937,19.562
2025-10-01 12:00:03,20.937,19.625
2025-10-01 12:01:03,20.937,19.625
2025-10-01 12:02:03,20.937,19.625
2025-10-01 12:03:03,20.937,19.562
2025-10-01 12:04:02,20.937,19.562
2025-10-01 12:05:02,20.937,19.625
2025-10-01 12:06:03,20.937,19.562
2025-10-01 12:07:03,20.937,19.625
2025-10-01 12:08:03,20.875,19.625
2025-10-01 12:09:03,20.937,19.562
2025-10-01 12:10:03,20.937,19.562
2025-10-01 12:11:03,20.937,19.562
2025-10-01 12:12:03,20.937,19.562
2025-10-01 12:13:03,20.937,19.562
2025-10-01 12:14:03,20.937,19.625
2025-10-01 12:15:02,20.875,19.562
2025-10-01 12:16:02,20.937,19.562
2025-10-01 12:17:03,20.875,19.562
2025-10-01 12:18:03,20.875,19.562
2025-10-01 12:19:03,20.875,19.562
2025-10-01 12:20:03,20.875,19.562
2025-10-01 12:21:03,20.875,19.562
2025-10-01 12:22:03,20.875,19.562
2025-10-01 12:23:03,20.875,19.562
2025-10-01 12:24:03,20.937,19.625
2025-10-01 12:25:02,20.875,19.562
2025-10-01 12:26:02,20.875,19.625
2025-10-01 12:27:03,20.875,19.562
2025-10-01 12:28:03,20.875,19.562
2025-10-01 12:29:03,20.875,19.562
2025-10-01 12:30:03,20.875,19.562
2025-10-01 12:31:03,20.875,19.562
2025-10-01 12:32:03,20.875,19.562
2025-10-01 12:33:03,20.875,19.562
2025-10-01 12:34:03,20.875,19.562
2025-10-01 12:35:02,20.875,19.562
2025-10-01 12:36:02,20.875,19.625
2025-10-01 12:37:03,20.812,19.562
2025-10-01 12:38:03,20.875,19.562
2025-10-01 12:39:03,20.875,19.562
2025-10-01 12:40:03,20.875,19.562
2025-10-01 12:41:03,20.875,19.625
2025-10-01 12:42:03,20.875,19.562
2025-10-01 12:43:03,20.875,19.625
2025-10-01 12:44:03,20.875,19.5
2025-10-01 12:45:03,20.875,19.562
2025-10-01 12:46:02,20.875,19.562
2025-10-01 12:47:03,20.875,19.5
2025-10-01 12:48:03,20.875,19.562
2025-10-01 12:49:03,20.875,19.5
2025-10-01 12:50:03,20.875,19.5
2025-10-01 12:51:03,20.875,19.562
2025-10-01 12:52:03,20.937,19.562
2025-10-01 12:53:03,20.937,19.562
2025-10-01 12:54:03,20.812,19.562
2025-10-01 12:55:03,20.875,19.562
2025-10-01 12:56:02,20.875,19.562
2025-10-01 12:57:03,20.875,19.562
2025-10-01 12:58:03,20.937,19.562
2025-10-01 12:59:03,20.875,19.562
2025-10-01 13:00:03,20.875,19.562
2025-10-01 13:01:03,20.875,19.562
2025-10-01 13:02:03,20.875,19.562
2025-10-01 13:03:03,20.875,19.562
2025-10-01 13:04:03,20.937,19.562
2025-10-01 13:05:02,20.937,19.562
2025-10-01 13:06:03,20.875,19.562
2025-10-01 13:07:03,20.875,19.625
2025-10-01 13:08:03,20.875,19.562
2025-10-01 13:09:03,20.875,19.562
2025-10-01 13:10:03,20.875,19.562
2025-10-01 13:11:03,20.875,19.562
2025-10-01 13:12:03,20.875,19.5
2025-10-01 13:13:03,20.875,19.562
2025-10-01 13:14:03,20.875,19.625
2025-10-01 13:15:02,20.875,19.625
2025-10-01 13:16:03,20.875,19.562
2025-10-01 13:17:03,20.875,19.562
2025-10-01 13:18:03,20.875,19.562
2025-10-01 13:19:03,20.937,19.562
2025-10-01 13:20:03,20.937,19.562
2025-10-01 13:21:03,20.875,19.562
2025-10-01 13:22:03,20.875,19.562
2025-10-01 13:23:03,20.875,19.562
2025-10-01 13:24:03,20.875,19.625
2025-10-01 13:25:02,20.937,19.625
2025-10-01 13:26:03,20.875,19.562
2025-10-01 13:27:03,20.875,19.625
2025-10-01 13:28:03,20.937,19.562
2025-10-01 13:29:03,20.875,19.562
2025-10-01 13:30:03,20.937,19.562
2025-10-01 13:31:03,20.937,19.562
2025-10-01 13:32:03,20.875,19.562
2025-10-01 13:33:03,20.937,19.625
2025-10-01 13:34:03,20.875,19.625
2025-10-01 13:35:02,20.937,19.625
2025-10-01 13:36:03,20.875,19.562
2025-10-01 13:37:03,20.937,19.562
2025-10-01 13:38:03,20.937,19.625
2025-10-01 13:39:03,20.875,19.562
2025-10-01 13:40:03,20.875,19.625
2025-10-01 13:41:03,20.875,19.625
2025-10-01 13:42:03,20.875,19.625
2025-10-01 13:43:03,20.937,19.625
2025-10-01 13:44:02,20.937,19.625
2025-10-01 13:45:02,20.937,19.562
2025-10-01 13:46:03,20.937,19.625
2025-10-01 13:47:03,20.875,19.625
2025-10-01 13:48:03,20.937,19.625
2025-10-01 13:49:03,20.875,19.625
2025-10-01 13:50:03,20.937,19.625
2025-10-01 13:51:03,20.875,19.562
2025-10-01 13:52:03,20.875,19.625
2025-10-01 13:53:02,20.875,19.562
2025-10-01 13:54:02,20.812,19.625
2025-10-01 13:55:03,20.875,19.625
2025-10-01 13:56:03,20.875,19.625
2025-10-01 13:57:03,20.812,19.562
2025-10-01 13:58:03,20.875,19.625
2025-10-01 13:59:03,20.875,19.562
2025-10-01 14:00:03,20.937,19.562
2025-10-01 14:01:03,20.875,19.562
2025-10-01 14:02:03,20.875,19.625
2025-10-01 14:03:03,20.937,19.625
2025-10-01 14:04:02,20.875,19.625
2025-10-01 14:05:03,20.875,19.562
2025-10-01 14:06:03,20.875,19.562
2025-10-01 14:07:03,20.875,19.625
2025-10-01 14:08:03,20.875,19.625
2025-10-01 14:09:03,21.125,19.625
2025-10-01 14:10:03,21.25,19.625
2025-10-01 14:11:03,21.312,19.625
2025-10-01 14:12:03,21.375,19.625
2025-10-01 14:13:03,21.375,19.625
2025-10-01 14:14:02,21.375,19.625
2025-10-01 14:15:02,21.437,19.625
2025-10-01 14:16:03,21.437,19.625
2025-10-01 14:17:03,21.5,19.625
2025-10-01 14:18:03,21.5,19.687
2025-10-01 14:19:03,21.5,19.687
2025-10-01 14:20:03,21.437,19.625
2025-10-01 14:21:03,21.437,19.687
2025-10-01 14:22:03,21.437,19.625
2025-10-01 14:23:03,21.5,19.625
2025-10-01 14:24:02,21.437,19.625
2025-10-01 14:25:02,21.437,19.625
2025-10-01 14:26:03,21.5,19.687
2025-10-01 14:27:03,21.437,19.687
2025-10-01 14:28:03,21.437,19.625
2025-10-01 14:29:03,21.437,19.625
2025-10-01 14:30:03,21.437,19.625
2025-10-01 14:31:03,21.375,19.625
2025-10-01 14:32:03,21.437,19.687
2025-10-01 14:33:02,21.375,19.687
2025-10-01 14:34:02,21.312,19.625
2025-10-01 14:35:03,21.375,19.625
2025-10-01 14:36:03,21.375,19.625
2025-10-01 14:37:03,21.312,19.625
2025-10-01 14:38:03,21.375,19.625
2025-10-01 14:39:03,21.375,19.687
2025-10-01 14:40:03,21.375,19.687
2025-10-01 14:41:03,21.375,19.687
2025-10-01 14:42:03,21.375,19.625
2025-10-01 14:43:03,21.312,19.687
2025-10-01 14:44:02,21.312,19.687
2025-10-01 14:45:03,21.312,19.687
2025-10-01 14:46:03,21.312,19.687
2025-10-01 14:47:03,21.312,19.687
2025-10-01 14:48:03,21.312,19.687
2025-10-01 14:49:03,21.375,19.687
2025-10-01 14:50:03,21.312,19.687
2025-10-01 14:51:03,21.312,19.687
2025-10-01 14:52:03,21.312,19.687
2025-10-01 14:53:03,21.25,19.687
2025-10-01 14:54:02,21.25,19.687
2025-10-01 14:55:03,21.312,19.687
2025-10-01 14:56:03,21.312,19.687
2025-10-01 14:57:03,21.25,19.687
2025-10-01 14:58:03,21.25,19.687
2025-10-01 14:59:03,21.25,19.687
2025-10-01 15:00:03,21.25,19.687
2025-10-01 15:01:03,21.25,19.687
2025-10-01 15:02:03,21.25,19.687
2025-10-01 15:03:03,21.25,19.687
2025-10-01 15:04:02,21.25,19.687
2025-10-01 15:05:03,21.312,19.75
2025-10-01 15:06:03,21.25,19.687
2025-10-01 15:07:03,21.187,19.687
2025-10-01 15:08:03,21.312,19.687
2025-10-01 15:09:03,21.25,19.687
2025-10-01 15:10:03,21.25,19.687
2025-10-01 15:11:03,21.25,19.75
2025-10-01 15:12:03,21.25,19.687
2025-10-01 15:13:03,21.187,19.75
2025-10-01 15:14:02,21.187,19.75
2025-10-01 15:15:02,21.187,19.75
2025-10-01 15:16:03,21.187,19.75
2025-10-01 15:17:03,21.187,19.75
2025-10-01 15:18:03,21.187,19.75
2025-10-01 15:19:03,21.187,19.687
2025-10-01 15:20:03,21.187,19.687
2025-10-01 15:21:03,21.187,19.687
2025-10-01 15:22:03,21.125,19.687
2025-10-01 15:23:03,21.187,19.75
2025-10-01 15:24:02,21.125,19.75
2025-10-01 15:25:02,21.187,19.75
2025-10-01 15:26:03,21.125,19.75
2025-10-01 15:27:03,21.125,19.75
2025-10-01 15:28:03,21.125,19.687
2025-10-01 15:29:03,21.187,19.75
2025-10-01 15:30:03,21.125,19.75
2025-10-01 15:31:03,21.125,19.687
2025-10-01 15:32:03,21.25,19.687
2025-10-01 15:33:03,21.187,19.75
2025-10-01 15:34:02,21.187,19.75
2025-10-01 15:35:02,21.125,19.687
2025-10-01 15:36:03,21.187,19.75
2025-10-01 15:37:03,21.125,19.75
2025-10-01 15:38:03,21.125,19.75
2025-10-01 15:39:03,21.187,19.75
2025-10-01 15:40:03,21.125,19.75
2025-10-01 15:41:03,21.187,19.75
2025-10-01 15:42:03,21.187,19.75
2025-10-01 15:43:03,21.187,19.75
2025-10-01 15:44:02,21.125,19.75
2025-10-01 15:45:03,21.187,19.75
2025-10-01 15:46:03,21.125,19.812
2025-10-01 15:47:03,21.125,19.75
2025-10-01 15:48:03,21.187,19.75
2025-10-01 15:49:03,21.125,19.75
2025-10-01 15:50:03,21.125,19.75
2025-10-01 15:51:03,21.187,19.75
2025-10-01 15:52:03,21.125,19.75
2025-10-01 15:53:03,21.125,19.75
2025-10-01 15:54:02,21.187,19.812
2025-10-01 15:55:03,21.125,19.812
2025-10-01 15:56:03,21.187,19.75
2025-10-01 15:57:03,21.125,19.812
2025-10-01 15:58:03,21.125,19.812
2025-10-01 15:59:03,21.125,19.812
2025-10-01 16:00:03,21.125,19.812
2025-10-01 16:01:03,21.125,19.812
2025-10-01 16:02:03,21.125,19.75
2025-10-01 16:03:03,21.125,19.812
2025-10-01 16:04:02,21.125,19.812
2025-10-01 16:05:03,21.125,19.812
2025-10-01 16:06:03,21.125,19.812
2025-10-01 16:07:03,21.125,19.75
2025-10-01 16:08:03,21.125,19.812
2025-10-01 16:09:03,21.125,19.812
2025-10-01 16:10:03,21.125,19.75
2025-10-01 16:11:03,21.125,19.75
2025-10-01 16:12:03,21.125,19.75
2025-10-01 16:13:03,21.125,19.812
2025-10-01 16:14:03,21.125,19.812
2025-10-01 16:15:02,21.125,19.812
2025-10-01 16:16:03,21.125,19.812
2025-10-01 16:17:03,21.125,19.812
2025-10-01 16:18:03,21.125,19.812
2025-10-01 16:19:03,21.125,19.75
2025-10-01 16:20:03,21.125,19.75
2025-10-01 16:21:03,21.125,19.812
2025-10-01 16:22:03,21.125,19.812
2025-10-01 16:23:03,21.125,19.812
2025-10-01 16:24:03,21.125,19.812
2025-10-01 16:25:02,21.187,19.812
2025-10-01 16:26:02,21.125,19.812
2025-10-01 16:27:03,21.125,19.812
2025-10-01 16:28:03,21.125,19.812
2025-10-01 16:29:03,21.125,19.812
2025-10-01 16:30:03,21.187,19.812
2025-10-01 16:31:03,21.187,19.812
2025-10-01 16:32:03,21.187,19.812
2025-10-01 16:33:03,21.125,19.875
2025-10-01 16:34:03,21.125,19.812
2025-10-01 16:35:02,21.125,
2025-10-01 16:36:02,21.187,19.812
2025-10-01 16:37:03,21.125,19.812
2025-10-01 16:38:03,21.062,19.812
2025-10-01 16:39:03,21.125,19.812
2025-10-01 16:40:03,21.187,19.875
2025-10-01 16:41:03,21.187,19.812
2025-10-01 16:42:03,21.125,19.875
2025-10-01 16:43:03,21.125,19.812
2025-10-01 16:44:02,21.125,19.812
2025-10-01 16:45:02,21.125,19.812
2025-10-01 16:46:03,21.125,19.875
2025-10-01 16:47:03,21.125,19.875
2025-10-01 16:48:03,21.125,19.875
2025-10-01 16:49:03,21.187,19.875
2025-10-01 16:50:03,21.125,19.812
2025-10-01 16:51:03,21.187,19.875
2025-10-01 16:52:03,21.125,19.812
2025-10-01 16:53:03,21.125,19.875
2025-10-01 16:54:03,21.187,19.875
2025-10-01 16:55:02,21.125,19.875
2025-10-01 16:56:02,21.187,19.875
2025-10-01 16:57:03,21.125,19.875
2025-10-01 16:58:03,21.125,19.875
2025-10-01 16:59:03,21.125,19.875
2025-10-01 17:00:03,21.125,19.875
2025-10-01 17:01:03,21.187,19.875
2025-10-01 17:02:03,21.125,19.875
2025-10-01 17:03:03,21.125,19.812
2025-10-01 17:04:03,21.125,19.875
2025-10-01 17:05:02,21.125,19.812
2025-10-01 17:06:03,21.125,19.875
2025-10-01 17:07:03,21.187,19.875
2025-10-01 17:08:03,21.125,19.812
2025-10-01 17:09:03,21.187,19.812
2025-10-01 17:10:03,21.125,19.875
2025-10-01 17:11:03,21.125,19.812
2025-10-01 17:12:03,21.125,19.875
2025-10-01 17:13:03,21.062,19.875
2025-10-01 17:14:03,21.125,19.875
2025-10-01 17:15:02,21.125,19.875
2025-10-01 17:16:03,21.125,19.875
2025-10-01 17:17:03,21.125,19.875
2025-10-01 17:18:03,21.125,19.875
2025-10-01 17:19:03,21.125,19.875
2025-10-01 17:20:03,21.125,19.875
2025-10-01 17:21:03,21.125,19.875
2025-10-01 17:22:03,21.125,19.875
2025-10-01 17:23:03,21.125,19.875
2025-10-01 17:24:03,21.125,19.875
2025-10-01 17:25:02,21.187,19.875
2025-10-01 17:26:03,21.125,19.875
2025-10-01 17:27:03,21.125,19.875
2025-10-01 17:28:03,21.125,19.875
2025-10-01 17:29:03,21.125,19.875
2025-10-01 17:30:03,21.125,19.875
2025-10-01 17:31:03,21.125,19.875
2025-10-01 17:32:03,21.125,19.875
2025-10-01 17:33:03,21.125,19.875
2025-10-01 17:34:03,21.125,19.875
2025-10-01 17:35:02,21.125,19.812
2025-10-01 17:36:02,21.125,19.875
2025-10-01 17:37:03,21.062,19.875
2025-10-01 17:38:03,21.125,19.875
2025-10-01 17:39:03,21.125,19.875
2025-10-01 17:40:03,21.0,19.875
2025-10-01 17:41:03,21.062,19.875
2025-10-01 17:42:03,21.125,19.875
2025-10-01 17:43:03,21.062,19.875
2025-10-01 17:44:02,21.062,19.812
2025-10-01 17:45:02,21.125,19.875
2025-10-01 17:46:03,21.125,19.875
2025-10-01 17:47:03,21.125,19.875
2025-10-01 17:48:03,21.062,19.875
2025-10-01 17:49:03,21.125,19.812
2025-10-01 17:50:03,21.062,19.875
2025-10-01 17:51:03,21.125,19.875
2025-10-01 17:52:03,21.125,19.875
2025-10-01 17:53:03,21.062,19.875
2025-10-01 17:54:03,21.125,19.875
2025-10-01 17:55:03,21.062,19.875
2025-10-01 17:56:02,21.062,19.875
2025-10-01 17:57:03,21.125,19.875
2025-10-01 17:58:03,21.125,19.875
2025-10-01 17:59:03,21.062,19.875
2025-10-01 18:00:03,21.062,19.875
2025-10-01 18:01:03,21.062,19.875
2025-10-01 18:02:03,21.062,19.875
2025-10-01 18:03:03,21.062,19.875
2025-10-01 18:04:03,21.062,19.875
2025-10-01 18:05:02,21.0,19.812
2025-10-01 18:06:02,21.062,19.812
2025-10-01 18:07:03,21.062,19.875
2025-10-01 18:08:03,21.062,19.875
2025-10-01 18:09:03,21.062,19.875
2025-10-01 18:10:03,21.062,19.875
2025-10-01 18:11:03,21.062,19.812
2025-10-01 18:12:03,21.062,19.875
2025-10-01 18:13:03,21.062,19.875
2025-10-01 18:14:03,21.062,19.812
2025-10-01 18:15:03,21.062,19.875
2025-10-01 18:16:02,21.062,19.812
2025-10-01 18:17:03,21.062,19.812
2025-10-01 18:18:03,21.125,19.812
2025-10-01 18:19:03,21.0,19.875
2025-10-01 18:20:03,21.062,19.812
2025-10-01 18:21:03,21.0,19.812
2025-10-01 18:22:03,21.062,19.875
2025-10-01 18:23:03,21.062,19.812
2025-10-01 18:24:03,21.062,19.812
2025-10-01 18:25:02,21.062,19.875
2025-10-01 18:26:03,21.0,19.875
2025-10-01 18:27:03,21.062,19.875
2025-10-01 18:28:03,21.0,19.812
2025-10-01 18:29:03,21.0,19.812
2025-10-01 18:30:03,21.0,19.812
2025-10-01 18:31:03,21.062,19.812
2025-10-01 18:32:03,21.062,19.812
2025-10-01 18:33:03,21.0,19.812
2025-10-01 18:34:03,21.0,19.875
2025-10-01 18:35:02,21.062,19.875
2025-10-01 18:36:03,21.0,19.875
2025-10-01 18:37:03,21.0,19.875
2025-10-01 18:38:03,21.0,19.812
2025-10-01 18:39:03,21.0,19.875
2025-10-01 18:40:03,21.0,19.875
2025-10-01 18:41:03,21.0,19.875
2025-10-01 18:42:03,21.062,19.875
2025-10-01 18:43:03,21.062,19.812
2025-10-01 18:44:03,21.062,19.812
2025-10-01 18:45:02,21.062,19.875
2025-10-01 18:46:03,21.062,19.875
2025-10-01 18:47:03,21.125,19.812
2025-10-01 18:48:03,21.062,19.812
2025-10-01 18:49:03,21.125,19.812
2025-10-01 18:50:03,21.125,19.875
2025-10-01 18:51:03,21.125,19.875
2025-10-01 18:52:03,21.125,19.875
2025-10-01 18:53:03,21.125,19.875
2025-10-01 18:54:03,21.125,19.875
2025-10-01 18:55:02,21.062,19.875
2025-10-01 18:56:02,21.125,19.875
2025-10-01 18:57:03,21.125,19.937
2025-10-01 18:58:03,21.125,19.875
2025-10-01 18:59:03,21.125,19.875
2025-10-01 19:00:03,21.125,19.875
2025-10-01 19:01:03,21.125,19.875
2025-10-01 19:02:03,21.125,19.875
2025-10-01 19:03:03,21.187,19.875
2025-10-01 19:04:03,21.187,19.875
2025-10-01 19:05:02,21.125,19.812
2025-10-01 19:06:02,21.125,19.812
2025-10-01 19:07:03,21.125,19.875
2025-10-01 19:08:03,21.125,19.875
2025-10-01 19:09:03,21.187,19.875
2025-10-01 19:10:03,21.25,19.875
2025-10-01 19:11:03,21.187,19.875
2025-10-01 19:12:03,21.187,19.875
2025-10-01 19:13:03,21.187,19.875
2025-10-01 19:14:03,21.187,19.875
2025-10-01 19:15:03,21.187,19.875
2025-10-01 19:16:02,21.187,19.875
2025-10-01 19:17:03,21.187,19.875
2025-10-01 19:18:03,21.187,19.875
2025-10-01 19:19:03,21.187,19.875
2025-10-01 19:20:03,21.187,19.875
2025-10-01 19:21:03,21.125,19.875
2025-10-01 19:22:03,21.187,19.875
2025-10-01 19:23:03,21.187,19.937
2025-10-01 19:24:03,21.25,19.937
2025-10-01 19:25:02,21.25,19.875
2025-10-01 19:26:02,21.187,19.875
2025-10-01 19:27:03,21.187,19.875
2025-10-01 19:28:03,21.187,19.875
2025-10-01 19:29:03,21.25,19.875
2025-10-01 19:30:03,21.25,19.875
2025-10-01 19:31:03,21.187,19.875
2025-10-01 19:32:03,21.25,19.875
2025-10-01 19:33:03,21.25,19.812
2025-10-01 19:34:03,21.25,19.875
2025-10-01 19:35:03,21.25,19.875
2025-10-01 19:36:02,21.25,19.812
2025-10-01 19:37:02,21.187,19.875
2025-10-01 19:38:03,21.187,19.812
2025-10-01 19:39:03,21.187,19.812
2025-10-01 19:40:03,21.187,19.812
2025-10-01 19:41:03,21.25,19.812
2025-10-01 19:42:03,21.187,19.812
2025-10-01 19:43:03,21.25,19.812
2025-10-01 19:44:03,21.187,19.812
2025-10-01 19:45:03,21.25,19.875
2025-10-01 19:46:03,21.187,19.875
2025-10-01 19:47:02,21.187,19.875
2025-10-01 19:48:03,21.187,19.875
2025-10-01 19:49:03,21.187,19.812
2025-10-01 19:50:03,21.25,19.812
2025-10-01 19:51:03,21.187,19.812
2025-10-01 19:52:03,21.187,19.812
2025-10-01 19:53:03,21.187,19.875
2025-10-01 19:54:03,21.187,19.875
2025-10-01 19:55:03,21.187,19.812
2025-10-01 19:56:03,21.25,19.812
2025-10-01 19:57:02,21.25,19.812
2025-10-01 19:58:03,21.187,19.812
2025-10-01 19:59:03,21.25,19.812
2025-10-01 20:00:03,21.187,19.812
2025-10-01 20:01:03,21.187,19.812
2025-10-01 20:02:03,21.25,19.812
2025-10-01 20:03:03,21.25,19.875
2025-10-01 20:04:03,21.25,19.875
2025-10-01 20:05:03,21.187,19.875
2025-10-01 20:06:03,21.187,19.812
2025-10-01 20:07:02,21.25,19.812
2025-10-01 20:08:03,21.25,19.812
2025-10-01 20:09:03,21.25,19.812
2025-10-01 20:10:03,21.25,19.75
2025-10-01 20:11:03,21.25,19.812
2025-10-01 20:12:03,21.187,19.812
2025-10-01 20:13:03,21.25,19.875
2025-10-01 20:14:03,21.25,19.875
2025-10-01 20:15:03,21.25,19.812
2025-10-01 20:16:03,21.25,19.812
2025-10-01 20:17:02,21.25,19.812
2025-10-01 20:18:02,21.25,19.812
2025-10-01 20:19:03,21.25,19.75
2025-10-01 20:20:03,21.25,19.75
2025-10-01 20:21:03,21.25,19.75
2025-10-01 20:22:03,21.25,19.812
2025-10-01 20:23:03,21.312,19.812
2025-10-01 20:24:03,21.25,19.812
2025-10-01 20:25:03,21.25,19.812
2025-10-01 20:26:03,21.25,19.812
2025-10-01 20:27:02,21.187,19.812
2025-10-01 20:28:02,21.25,19.812
2025-10-01 20:29:03,21.25,19.75
2025-10-01 20:30:03,21.25,19.812
2025-10-01 20:31:03,21.187,19.812
2025-10-01 20:32:03,21.25,19.812
2025-10-01 20:33:03,21.25,19.812
2025-10-01 20:34:03,21.25,19.812
2025-10-01 20:35:03,21.25,19.75
2025-10-01 20:36:03,21.25,19.812
2025-10-01 20:37:02,21.25,19.75
2025-10-01 20:38:02,21.25,19.812
2025-10-01 20:39:03,21.25,19.812
2025-10-01 20:40:03,21.25,19.75
2025-10-01 20:41:03,21.187,19.812
2025-10-01 20:42:03,21.187,19.812
2025-10-01 20:43:03,21.187,19.875
2025-10-01 20:44:03,21.187,19.812
2025-10-01 20:45:03,21.187,19.812
2025-10-01 20:46:03,21.25,19.812
2025-10-01 20:47:03,21.25,19.875
2025-10-01 20:48:02,21.25,19.875
2025-10-01 20:49:02,21.25,19.812
2025-10-01 20:50:03,21.25,19.875
2025-10-01 20:51:03,21.312,19.875
2025-10-01 20:52:03,21.25,19.875
2025-10-01 20:53:03,21.25,19.875
2025-10-01 20:54:03,21.25,19.875
2025-10-01 20:55:03,21.187,19.875
2025-10-01 20:56:03,21.25,19.875
2025-10-01 20:57:03,21.25,19.875
2025-10-01 20:58:02,21.25,19.937
2025-10-01 20:59:02,21.187,19.875
2025-10-01 21:00:03,21.25,19.875
2025-10-01 21:01:03,21.25,19.875
2025-10-01 21:02:03,21.25,19.875
2025-10-01 21:03:03,21.312,19.812
2025-10-01 21:04:03,21.25,19.875
2025-10-01 21:05:03,21.25,19.875
2025-10-01 21:06:03,21.25,19.875
2025-10-01 21:07:03,21.25,19.875
2025-10-01 21:08:03,21.25,19.937
2025-10-01 21:09:02,21.187,19.937
2025-10-01 21:10:02,21.25,19.937
2025-10-01 21:11:03,21.312,19.937
2025-10-01 21:12:03,21.25,19.937
2025-10-01 21:13:03,21.312,19.937
2025-10-01 21:14:03,21.312,19.937
2025-10-01 21:15:03,21.25,19.937
2025-10-01 21:16:03,21.312,20.0
2025-10-01 21:17:03,21.25,19.937
2025-10-01 21:18:03,21.312,19.937
2025-10-01 21:19:02,21.25,19.937
2025-10-01 21:20:03,21.312,20.0
2025-10-01 21:21:03,21.375,19.937
2025-10-01 21:22:03,21.312,19.937
2025-10-01 21:23:03,21.25,20.0
2025-10-01 21:24:03,21.375,19.937
2025-10-01 21:25:03,21.375,19.937
2025-10-01 21:26:03,21.375,20.0
2025-10-01 21:27:03,21.312,20.0
2025-10-01 21:28:02,21.312,19.937
2025-10-01 21:29:02,21.312,20.0
2025-10-01 21:30:03,21.312,20.0
2025-10-01 21:31:03,21.375,20.0
2025-10-01 21:32:03,21.375,20.0
2025-10-01 21:33:03,21.375,20.0
2025-10-01 21:34:03,21.437,20.0
2025-10-01 21:35:03,21.375,20.0
2025-10-01 21:36:03,21.375,20.0
2025-10-01 21:37:03,21.375,20.0
2025-10-01 21:38:03,21.375,20.0
2025-10-01 21:39:02,21.375,20.0
2025-10-01 21:40:03,21.375,20.0
2025-10-01 21:41:03,21.375,20.0
2025-10-01 21:42:03,21.375,20.062
2025-10-01 21:43:03,21.375,20.062
2025-10-01 21:44:03,21.375,20.0
2025-10-01 21:45:03,21.375,20.0
2025-10-01 21:46:03,21.437,20.062
2025-10-01 21:47:03,21.375,20.062
2025-10-01 21:48:03,21.375,20.062
2025-10-01 21:49:02,21.375,20.062
2025-10-01 21:50:03,21.375,20.062
2025-10-01 21:51:03,21.375,20.062
2025-10-01 21:52:03,21.375,20.062
2025-10-01 21:53:03,21.375,20.0
2025-10-01 21:54:03,21.437,20.062
2025-10-01 21:55:03,21.375,20.0
2025-10-01 21:56:03,21.375,20.062
2025-10-01 21:57:03,21.375,20.062
2025-10-01 21:58:03,21.375,20.062
2025-10-01 21:59:02,21.437,20.0
2025-10-01 22:00:03,21.437,20.0
2025-10-01 22:01:03,21.375,20.062
2025-10-01 22:02:03,21.437,20.0
2025-10-01 22:03:03,21.375,20.062
2025-10-01 22:04:03,21.375,20.0
2025-10-01 22:05:03,21.375,20.062
2025-10-01 22:06:03,21.375,20.0
2025-10-01 22:07:03,21.375,20.062
2025-10-01 22:08:02,21.375,20.0
2025-10-01 22:09:02,21.375,20.0
2025-10-01 22:10:03,21.375,20.062
2025-10-01 22:11:03,21.375,20.0
2025-10-01 22:12:03,21.375,20.0
2025-10-01 22:13:03,21.375,20.0
2025-10-01 22:14:03,21.375,20.062
2025-10-01 22:15:03,21.375,20.0
2025-10-01 22:16:03,21.375,20.062
2025-10-01 22:17:02,21.375,20.0
2025-10-01 22:18:02,21.375,20.062
2025-10-01 22:19:03,21.375,20.0
2025-10-01 22:20:03,21.375,20.0
2025-10-01 22:21:03,21.375,20.0
2025-10-01 22:22:03,21.375,20.0
2025-10-01 22:23:03,21.375,20.062
2025-10-01 22:24:03,21.375,20.0
2025-10-01 22:25:03,21.375,20.0
2025-10-01 22:26:03,21.375,20.0
2025-10-01 22:27:03,21.312,20.0
2025-10-01 22:28:02,21.375,20.0
2025-10-01 22:29:03,21.375,20.0
2025-10-01 22:30:03,21.375,20.0
2025-10-01 22:31:03,21.312,20.0
2025-10-01 22:32:03,21.375,20.0
2025-10-01 22:33:03,21.375,20.0
2025-10-01 22:34:03,21.375,20.0
2025-10-01 22:35:03,21.312,20.062
2025-10-01 22:36:03,21.312,20.0
2025-10-01 22:37:02,21.312,20.0
2025-10-01 22:38:02,21.375,20.062
2025-10-01 22:39:03,21.312,20.0
2025-10-01 22:40:03,21.312,20.0
2025-10-01 22:41:03,21.312,20.0
2025-10-01 22:42:03,21.312,20.0
2025-10-01 22:43:03,21.312,20.062
2025-10-01 22:44:03,21.312,20.0
2025-10-01 22:45:03,21.375,20.0
2025-10-01 22:46:03,21.312,20.0
2025-10-01 22:47:02,21.312,20.0
2025-10-01 22:48:03,21.375,20.0
2025-10-01 22:49:03,21.312,20.0
2025-10-01 22:50:03,21.312,20.0
2025-10-01 22:51:03,21.312,20.0
2025-10-01 22:52:03,21.312,20.0
2025-10-01 22:53:03,21.312,20.0
2025-10-01 22:54:03,21.312,20.0
2025-10-01 22:55:03,21.312,20.0
2025-10-01 22:56:03,21.25,20.0
2025-10-01 22:57:02,21.312,20.0
2025-10-01 22:58:02,21.25,20.0
2025-10-01 22:59:03,21.312,20.0
2025-10-01 23:00:03,21.312,20.0
2025-10-01 23:01:03,21.312,20.0
2025-10-01 23:02:03,21.25,20.0
2025-10-01 23:03:03,21.312,20.0
2025-10-01 23:04:03,21.25,20.0
2025-10-01 23:05:03,21.25,20.062
2025-10-01 23:06:03,21.312,20.0
2025-10-01 23:07:02,21.25,20.062
2025-10-01 23:08:02,21.312,20.0
2025-10-01 23:09:03,21.312,20.0
2025-10-01 23:10:03,21.312,20.0
2025-10-01 23:11:03,21.312,20.0
2025-10-01 23:12:03,21.312,20.0
2025-10-01 23:13:03,21.312,20.0
2025-10-01 23:14:03,21.312,20.0
2025-10-01 23:15:03,21.312,20.0
2025-10-01 23:16:03,21.312,20.0
2025-10-01 23:17:03,21.312,20.062
2025-10-01 23:18:03,21.312,20.0
2025-10-01 23:19:02,21.25,20.0
2025-10-01 23:20:03,21.312,20.0
2025-10-01 23:21:03,21.312,20.0
2025-10-01 23:22:03,21.312,20.062
2025-10-01 23:23:03,21.312,20.062
2025-10-01 23:24:03,21.375,20.0
2025-10-01 23:25:03,21.312,20.0
2025-10-01 23:26:03,21.312,20.062
2025-10-01 23:27:03,21.312,20.062
2025-10-01 23:28:02,21.375,20.0
2025-10-01 23:29:02,21.312,20.0
2025-10-01 23:30:03,21.312,20.0
2025-10-01 23:31:03,21.312,20.062
2025-10-01 23:32:03,21.312,20.062
2025-10-01 23:33:03,21.312,20.062
2025-10-01 23:34:03,21.375,20.0
2025-10-01 23:35:03,21.375,20.062
2025-10-01 23:36:03,21.312,20.062
2025-10-01 23:37:02,21.375,20.062
2025-10-01 23:38:02,21.312,20.062
2025-10-01 23:39:03,21.375,20.062
2025-10-01 23:40:03,21.375,20.062
2025-10-01 23:41:03,21.312,20.062
2025-10-01 23:42:03,21.312,20.062
2025-10-01 23:43:03,21.312,20.062
2025-10-01 23:44:03,21.312,20.0
2025-10-01 23:45:03,21.375,20.062
2025-10-01 23:46:02,21.375,20.062
2025-10-01 23:47:02,21.375,20.062
2025-10-01 23:48:03,21.312,20.062
2025-10-01 23:49:03,21.312,20.062
2025-10-01 23:50:03,21.375,20.062
2025-10-01 23:51:03,21.375,20.062
2025-10-01 23:52:03,21.312,20.062
2025-10-01 23:53:03,21.312,20.062
2025-10-01 23:54:03,21.312,20.0
2025-10-01 23:55:03,21.312,20.062
2025-10-01 23:56:03,21.375,20.062
2025-10-01 23:57:02,21.375,20.062
2025-10-01 23:58:03,21.312,20.0
2025-10-01 23:59:03,21.375,20.062
2025-10-02 00:00:03,21.437,20.0
2025-10-02 00:01:03,21.375,20.0
2025-10-02 00:02:03,21.375,20.062
2025-10-02 00:03:03,21.312,20.062
2025-10-02 00:04:02,21.312,20.062
2025-10-02 00:05:03,21.312,20.062
2025-10-02 00:06:03,21.375,20.062
2025-10-02 00:07:03,21.375,20.0
2025-10-02 00:08:03,21.375,20.0
2025-10-02 00:09:03,21.375,20.062
2025-10-02 00:10:03,21.312,20.062
2025-10-02 00:11:03,21.312,20.062
2025-10-02 00:12:03,21.312,20.062
2025-10-02 00:13:03,21.312,20.062
2025-10-02 00:14:02,21.375,20.062
2025-10-02 00:15:03,21.437,20.062
2025-10-02 00:16:03,21.375,20.062
2025-10-02 00:17:03,21.375,20.062
2025-10-02 00:18:03,21.375,20.062
2025-10-02 00:19:03,21.375,20.062
2025-10-02 00:20:03,21.375,20.0
2025-10-02 00:21:03,21.375,20.062
2025-10-02 00:22:03,21.312,20.062
2025-10-02 00:23:03,21.312,20.062
2025-10-02 00:24:02,21.375,20.062
2025-10-02 00:25:02,21.312,20.062
2025-10-02 00:26:03,21.312,20.062
2025-10-02 00:27:03,21.312,20.062
2025-10-02 00:28:03,21.312,20.062
2025-10-02 00:29:03,21.312,20.062
2025-10-02 00:30:03,21.312,20.0
2025-10-02 00:31:03,21.312,20.0
2025-10-02 00:32:03,21.312,20.062
2025-10-02 00:33:03,21.312,20.062
2025-10-02 00:34:02,21.312,20.062
2025-10-02 00:35:02,21.312,20.062
2025-10-02 00:36:03,21.312,20.0
2025-10-02 00:37:03,21.312,20.062
2025-10-02 00:38:03,21.312,20.0
2025-10-02 00:39:03,21.312,20.062
2025-10-02 00:40:03,21.312,20.062
2025-10-02 00:41:03,21.375,20.062
2025-10-02 00:42:03,21.375,20.062
2025-10-02 00:43:03,21.375,20.062
2025-10-02 00:44:03,21.312,20.062
2025-10-02 00:45:02,21.312,20.062
2025-10-02 00:46:03,21.312,20.062
2025-10-02 00:47:03,21.375,20.062
2025-10-02 00:48:03,21.375,20.062
2025-10-02 00:49:03,21.375,20.062
2025-10-02 00:50:03,21.312,20.062
2025-10-02 00:51:03,21.312,20.062
2025-10-02 00:52:03,21.375,20.062
2025-10-02 00:53:03,21.375,20.0
2025-10-02 00:54:02,21.312,20.062
2025-10-02 00:55:03,21.312,20.062
2025-10-02 00:56:03,21.375,20.062
2025-10-02 00:57:03,21.312,20.062
2025-10-02 00:58:03,21.375,20.062
2025-10-02 00:59:03,21.375,20.062
2025-10-02 01:00:03,21.375,20.062
2025-10-02 01:01:03,21.375,20.062
2025-10-02 01:02:03,21.312,20.062
2025-10-02 01:03:03,21.312,20.0
2025-10-02 01:04:03,21.375,20.062
2025-10-02 01:05:03,21.312,20.0
2025-10-02 01:06:03,21.312,20.0
2025-10-02 01:07:03,21.312,20.0
2025-10-02 01:08:03,21.312,20.062
2025-10-02 01:09:03,21.375,20.0
2025-10-02 01:10:02,21.312,20.062
2025-10-02 01:11:03,21.312,20.062
2025-10-02 01:12:03,21.312,20.062
2025-10-02 01:13:03,21.25,20.0
2025-10-02 01:14:03,21.312,20.0
2025-10-02 01:15:03,21.312,20.062
2025-10-02 01:16:03,21.25,20.0
2025-10-02 01:17:03,21.375,20.0
2025-10-02 01:18:03,21.375,20.0
2025-10-02 01:19:03,21.312,20.0
2025-10-02 01:20:02,21.312,20.0
2025-10-02 01:21:02,21.312,20.0
2025-10-02 01:22:03,21.312,20.0
2025-10-02 01:23:03,21.312,20.0
2025-10-02 01:24:03,21.312,20.0
2025-10-02 01:25:03,21.312,20.0
2025-10-02 01:26:03,21.312,20.062
2025-10-02 01:27:03,21.312,20.062
2025-10-02 01:28:03,21.312,20.0
2025-10-02 01:29:03,21.25,20.062
2025-10-02 01:30:02,21.312,20.0
2025-10-02 01:31:03,21.25,20.0
2025-10-02 01:32:03,21.312,20.062
2025-10-02 01:33:03,21.312,20.0
2025-10-02 01:34:03,21.312,20.0
2025-10-02 01:35:03,21.312,20.0
2025-10-02 01:36:03,21.312,20.0
2025-10-02 01:37:03,21.312,20.0
2025-10-02 01:38:03,21.312,20.0
2025-10-02 01:39:02,21.25,20.0
2025-10-02 01:40:03,21.312,20.0
2025-10-02 01:41:03,21.25,20.0
2025-10-02 01:42:03,21.312,20.0
2025-10-02 01:43:03,21.25,20.0
2025-10-02 01:44:03,21.25,20.0
2025-10-02 01:45:03,21.25,20.0
2025-10-02 01:46:03,21.25,19.937
2025-10-02 01:47:03,21.25,20.0
2025-10-02 01:48:03,21.25,19.937
2025-10-02 01:49:02,21.25,19.937
2025-10-02 01:50:02,21.25,19.937
2025-10-02 01:51:03,21.25,19.937
2025-10-02 01:52:03,21.25,20.0
2025-10-02 01:53:03,21.187,20.0
2025-10-02 01:54:03,21.25,19.937
2025-10-02 01:55:03,21.187,19.937
2025-10-02 01:56:03,21.25,19.937
2025-10-02 01:57:03,21.187,19.937
2025-10-02 01:58:03,21.187,19.937
2025-10-02 01:59:03,21.187,19.937
2025-10-02 02:00:02,21.187,19.875
2025-10-02 02:01:02,21.187,19.937
2025-10-02 02:02:03,21.187,19.937
2025-10-02 02:03:03,21.187,19.937
2025-10-02 02:04:03,21.187,19.875
2025-10-02 02:05:03,21.187,19.937
2025-10-02 02:06:03,21.125,19.875
2025-10-02 02:07:03,21.125,19.937
2025-10-02 02:08:03,21.187,19.875
2025-10-02 02:09:03,21.187,19.875
2025-10-02 02:10:03,21.187,19.875
2025-10-02 02:11:02,21.125,19.937
2025-10-02 02:12:03,21.125,19.875
2025-10-02 02:13:03,21.187,19.875
2025-10-02 02:14:03,21.125,19.875
2025-10-02 02:15:03,21.187,19.875
2025-10-02 02:16:03,21.125,19.875
2025-10-02 02:17:03,21.125,19.875
2025-10-02 02:18:03,21.125,19.875
2025-10-02 02:19:03,21.125,19.875
2025-10-02 02:20:03,21.125,19.812
2025-10-02 02:21:02,21.125,19.875
2025-10-02 02:22:02,21.125,19.812
2025-10-02 02:23:03,21.062,19.875
2025-10-02 02:24:03,21.125,19.875
2025-10-02 02:25:03,21.125,19.875
2025-10-02 02:26:03,21.062,19.812
2025-10-02 02:27:03,21.062,19.812
2025-10-02 02:28:03,21.062,19.812
2025-10-02 02:29:03,21.062,19.812
2025-10-02 02:30:03,21.062,19.812
2025-10-02 02:31:02,21.062,19.812
2025-10-02 02:32:02,21.125,19.812
2025-10-02 02:33:03,21.062,19.75
2025-10-02 02:34:03,21.062,19.812
2025-10-02 02:35:03,21.062,19.812
2025-10-02 02:36:03,21.125,19.812
2025-10-02 02:37:03,21.062,19.812
2025-10-02 02:38:03,21.062,19.75
2025-10-02 02:39:03,21.125,19.812
2025-10-02 02:40:03,21.062,19.812
2025-10-02 02:41:02,21.062,19.812
2025-10-02 02:42:03,21.062,19.75
2025-10-02 02:43:03,21.062,19.75
2025-10-02 02:44:03,21.062,19.75
2025-10-02 02:45:03,21.0,19.75
2025-10-02 02:46:03,21.0,19.75
2025-10-02 02:47:03,21.0,19.75
2025-10-02 02:48:03,21.062,19.687
2025-10-02 02:49:03,21.0,19.812
2025-10-02 02:50:03,21.0,19.75
2025-10-02 02:51:02,21.0,19.75
2025-10-02 02:52:03,21.0,19.687
2025-10-02 02:53:03,21.0,19.75
2025-10-02 02:54:03,21.0,19.75
2025-10-02 02:55:03,21.0,19.75
2025-10-02 02:56:03,21.0,19.687
2025-10-02 02:57:03,21.0,19.687
2025-10-02 02:58:03,21.0,19.687
2025-10-02 02:59:03,21.0,19.75
2025-10-02 03:00:03,21.0,19.687
2025-10-02 03:01:02,20.937,19.687
2025-10-02 03:02:02,20.937,19.687
2025-10-02 03:03:03,20.937,19.687
2025-10-02 03:04:03,21.0,19.687
2025-10-02 03:05:03,20.937,19.687
2025-10-02 03:06:03,20.937,19.687
2025-10-02 03:07:03,20.937,19.687
2025-10-02 03:08:03,20.937,19.687
2025-10-02 03:09:03,20.937,19.687
2025-10-02 03:10:03,20.937,19.625
2025-10-02 03:11:03,20.937,19.625
2025-10-02 03:12:02,20.937,19.625
2025-10-02 03:13:03,20.937,19.625
2025-10-02 03:14:03,20.937,19.625
2025-10-02 03:15:03,20.875,19.625
2025-10-02 03:16:03,20.875,19.625
2025-10-02 03:17:03,20.875,19.625
2025-10-02 03:18:03,20.937,19.625
2025-10-02 03:19:03,20.875,19.625
2025-10-02 03:20:03,20.937,19.687
2025-10-02 03:21:03,20.937,19.625
2025-10-02 03:22:02,20.875,19.625
2025-10-02 03:23:03,20.875,19.562
2025-10-02 03:24:03,20.875,19.625
2025-10-02 03:25:03,20.875,19.562
2025-10-02 03:26:03,20.812,19.625
2025-10-02 03:27:03,20.812,19.562
2025-10-02 03:28:03,20.875,19.625
2025-10-02 03:29:03,20.875,19.625
2025-10-02 03:30:03,20.812,19.562
2025-10-02 03:31:03,20.875,19.562
2025-10-02 03:32:02,20.875,19.562
2025-10-02 03:33:03,20.875,19.625
2025-10-02 03:34:03,20.812,19.562
2025-10-02 03:35:03,20.812,19.562
2025-10-02 03:36:03,20.812,19.562
2025-10-02 03:37:03,20.875,19.562
2025-10-02 03:38:03,20.812,19.562
2025-10-02 03:39:03,20.875,19.562
2025-10-02 03:40:03,20.812,19.562
2025-10-02 03:41:03,20.875,19.562
2025-10-02 03:42:02,20.812,19.562
2025-10-02 03:43:03,20.812,19.562
2025-10-02 03:44:03,20.812,19.5
2025-10-02 03:45:03,20.875,19.5
2025-10-02 03:46:03,20.812,19.562
2025-10-02 03:47:03,20.812,19.562
2025-10-02 03:48:03,20.812,19.562
2025-10-02 03:49:03,20.812,19.562
2025-10-02 03:50:03,20.812,19.562
2025-10-02 03:51:03,20.812,19.5
2025-10-02 03:52:02,20.812,19.5
2025-10-02 03:53:02,20.812,19.5
2025-10-02 03:54:03,20.812,19.5
2025-10-02 03:55:03,20.812,19.562
2025-10-02 03:56:03,20.812,19.5
2025-10-02 03:57:03,20.812,19.562
2025-10-02 03:58:03,20.812,19.5
2025-10-02 03:59:03,20.812,19.5
2025-10-02 04:00:03,20.812,19.562
2025-10-02 04:01:03,20.812,19.5
2025-10-02 04:02:02,20.75,19.562
2025-10-02 04:03:03,20.75,19.5
2025-10-02 04:04:03,20.812,19.5
2025-10-02 04:05:03,20.75,19.5
2025-10-02 04:06:03,20.75,19.5
2025-10-02 04:07:03,20.75,19.5
2025-10-02 04:08:03,20.75,19.5
2025-10-02 04:09:03,20.812,19.5
2025-10-02 04:10:03,20.75,19.5
2025-10-02 04:11:03,20.75,19.5
2025-10-02 04:12:02,20.687,19.5
2025-10-02 04:13:03,20.75,19.5
2025-10-02 04:14:03,20.75,19.5
2025-10-02 04:15:03,20.812,19.5
2025-10-02 04:16:03,20.687,19.437
2025-10-02 04:17:03,20.687,19.437
2025-10-02 04:18:03,20.75,19.437
2025-10-02 04:19:03,20.75,19.437
2025-10-02 04:20:03,20.687,19.437
2025-10-02 04:21:03,20.75,19.437
2025-10-02 04:22:02,20.75,19.437
2025-10-02 04:23:03,20.75,19.437
2025-10-02 04:24:03,20.75,19.375
2025-10-02 04:25:03,20.687,19.437
2025-10-02 04:26:03,20.687,19.375
2025-10-02 04:27:03,20.687,19.437
2025-10-02 04:28:03,20.687,19.437
2025-10-02 04:29:03,20.687,19.437
2025-10-02 04:30:03,20.687,19.375
2025-10-02 04:31:03,20.625,19.437
2025-10-02 04:32:02,20.687,19.437
2025-10-02 04:33:03,20.625,19.375
2025-10-02 04:34:03,20.625,19.375
2025-10-02 04:35:03,20.625,19.375
2025-10-02 04:36:03,20.687,19.437
2025-10-02 04:37:03,20.625,19.375
2025-10-02 04:38:03,20.625,19.375
2025-10-02 04:39:03,20.687,19.375
2025-10-02 04:40:03,20.625,19.375
2025-10-02 04:41:03,20.687,19.437
2025-10-02 04:42:02,20.625,19.375
2025-10-02 04:43:03,20.625,19.375
2025-10-02 04:44:03,20.625,19.375
2025-10-02 04:45:03,20.625,19.375
2025-10-02 04:46:03,20.625,19.375
2025-10-02 04:47:03,20.625,19.375
2025-10-02 04:48:03,20.625,19.375
2025-10-02 04:49:03,20.625,19.375
2025-10-02 04:50:03,20.625,19.375
2025-10-02 04:51:03,20.625,19.375
2025-10-02 04:52:03,20.625,19.375
2025-10-02 04:53:02,20.625,19.375
2025-10-02 04:54:03,20.625,19.375
2025-10-02 04:55:03,20.625,19.312
2025-10-02 04:56:03,20.625,19.312
2025-10-02 04:57:03,20.625,19.312
2025-10-02 04:58:03,20.562,19.312
2025-10-02 04:59:03,20.625,19.312
2025-10-02 05:00:03,20.625,19.312
2025-10-02 05:01:03,20.562,19.312
2025-10-02 05:02:03,20.625,19.312
2025-10-02 05:03:02,20.625,19.312
2025-10-02 05:04:02,20.562,19.312
2025-10-02 05:05:03,20.562,19.312
2025-10-02 05:06:03,20.562,19.312
2025-10-02 05:07:03,20.562,19.312
2025-10-02 05:08:03,20.625,19.312
2025-10-02 05:09:03,20.562,19.312
2025-10-02 05:10:03,20.562,19.312
2025-10-02 05:11:03,20.562,19.312
2025-10-02 05:12:03,20.562,19.312
2025-10-02 05:13:03,20.562,19.25
2025-10-02 05:14:02,20.562,19.312
2025-10-02 05:15:03,20.562,19.312
2025-10-02 05:16:03,20.562,19.312
2025-10-02 05:17:03,20.562,19.312
2025-10-02 05:18:03,20.562,19.312
2025-10-02 05:19:03,20.562,19.312
2025-10-02 05:20:03,20.5,19.312
2025-10-02 05:21:03,20.5,19.25
2025-10-02 05:22:03,20.562,19.25
2025-10-02 05:23:03,20.562,19.25
2025-10-02 05:24:02,20.5,19.312
2025-10-02 05:25:03,20.5,19.25
2025-10-02 05:26:03,20.5,19.312
2025-10-02 05:27:03,20.5,19.25
2025-10-02 05:28:03,20.5,19.312
2025-10-02 05:29:03,20.562,19.25
2025-10-02 05:30:03,20.562,19.25
2025-10-02 05:31:03,20.5,19.25
2025-10-02 05:32:03,20.5,19.312
2025-10-02 05:33:03,20.5,19.25
2025-10-02 05:34:02,20.5,19.25
2025-10-02 05:35:03,20.5,19.25
2025-10-02 05:36:03,20.5,19.25
2025-10-02 05:37:03,20.5,19.25
2025-10-02 05:38:03,20.5,19.25
2025-10-02 05:39:03,20.562,19.25
2025-10-02 05:40:03,20.5,19.25
2025-10-02 05:41:03,20.5,19.25
2025-10-02 05:42:03,20.562,19.25
2025-10-02 05:43:02,20.5,19.25
2025-10-02 05:44:02,20.5,19.25
2025-10-02 05:45:03,20.5,19.25
2025-10-02 05:46:03,20.5,19.25
2025-10-02 05:47:03,20.5,19.25
2025-10-02 05:48:03,20.5,19.25
2025-10-02 05:49:03,20.5,19.187
2025-10-02 05:50:03,20.5,19.187
2025-10-02 05:51:03,20.5,19.25
2025-10-02 05:52:03,20.5,19.25
2025-10-02 05:53:02,20.5,19.187
2025-10-02 05:54:02,20.5,19.187
2025-10-02 05:55:03,20.5,19.187
2025-10-02 05:56:03,20.5,19.187
2025-10-02 05:57:03,20.5,19.187
2025-10-02 05:58:03,20.437,19.187
2025-10-02 05:59:03,20.5,19.187
2025-10-02 06:00:03,20.437,19.25
2025-10-02 06:01:03,20.5,19.187
2025-10-02 06:02:03,20.5,19.187
2025-10-02 06:03:02,20.437,19.187
2025-10-02 06:04:02,20.5,19.187
2025-10-02 06:05:03,20.437,19.187
2025-10-02 06:06:03,20.5,19.187
2025-10-02 06:07:03,20.437,19.187
2025-10-02 06:08:03,20.437,19.187
2025-10-02 06:09:03,20.437,19.187
2025-10-02 06:10:03,20.437,19.187
2025-10-02 06:11:03,20.5,19.187
2025-10-02 06:12:03,20.5,19.187
2025-10-02 06:13:03,20.437,19.187
2025-10-02 06:14:02,20.437,19.187
2025-10-02 06:15:02,20.437,19.187
2025-10-02 06:16:03,20.437,19.187
2025-10-02 06:17:03,20.5,19.25
2025-10-02 06:18:03,20.437,19.25
2025-10-02 06:19:03,20.5,19.25
2025-10-02 06:20:03,20.5,19.25
2025-10-02 06:21:03,20.5,19.25
2025-10-02 06:22:03,20.437,19.187
2025-10-02 06:23:03,20.437,19.187
2025-10-02 06:24:03,20.5,19.187
2025-10-02 06:25:02,20.437,19.187
2025-10-02 06:26:03,20.5,19.187
2025-10-02 06:27:03,20.437,19.187
2025-10-02 06:28:03,20.437,19.187
2025-10-02 06:29:03,20.437,19.187
2025-10-02 06:30:03,20.437,19.187
2025-10-02 06:31:03,20.5,19.187
2025-10-02 06:32:03,20.5,19.25
2025-10-02 06:33:03,20.5,19.187
2025-10-02 06:34:03,20.437,19.187
2025-10-02 06:35:03,20.437,19.187
2025-10-02 06:36:02,20.5,19.187
2025-10-02 06:37:03,20.437,19.25
2025-10-02 06:38:03,20.437,19.25
2025-10-02 06:39:03,20.437,19.25
2025-10-02 06:40:03,20.5,19.25
2025-10-02 06:41:03,20.5,19.25
2025-10-02 06:42:03,20.5,19.25
2025-10-02 06:43:03,20.437,19.187
2025-10-02 06:44:03,20.5,19.25
2025-10-02 06:45:03,20.437,19.187
2025-10-02 06:46:02,20.437,19.25
2025-10-02 06:47:03,20.437,19.25
2025-10-02 06:48:03,20.5,19.25
2025-10-02 06:49:03,20.5,19.25
2025-10-02 06:50:03,20.437,19.25
2025-10-02 06:51:03,20.5,19.25
2025-10-02 06:52:03,20.5,19.25
2025-10-02 06:53:03,20.437,19.25
2025-10-02 06:54:03,20.5,19.25
2025-10-02 06:55:03,20.5,19.25
2025-10-02 06:56:02,20.5,19.25
2025-10-02 06:57:02,20.437,19.25
2025-10-02 06:58:03,20.437,19.25
2025-10-02 06:59:03,20.437,19.25
2025-10-02 07:00:03,20.5,19.187
2025-10-02 07:01:03,20.437,19.187
2025-10-02 07:02:03,20.5,19.187
2025-10-02 07:03:03,20.5,19.25
2025-10-02 07:04:03,20.5,19.25
2025-10-02 07:05:02,20.5,19.25
2025-10-02 07:06:02,20.5,19.25
2025-10-02 07:07:03,20.437,19.25
2025-10-02 07:08:03,20.5,19.25
2025-10-02 07:09:03,20.5,19.25
2025-10-02 07:10:03,20.5,19.25
2025-10-02 07:11:03,20.5,19.25
2025-10-02 07:12:03,20.5,19.25
2025-10-02 07:13:03,20.5,19.25
2025-10-02 07:14:03,20.5,19.25
2025-10-02 07:15:03,20.562,19.25
2025-10-02 07:16:02,20.5,19.25
2025-10-02 07:17:03,20.5,19.312
2025-10-02 07:18:03,20.5,19.312
2025-10-02 07:19:03,20.5,19.25
2025-10-02 07:20:03,20.5,19.25
2025-10-02 07:21:03,20.562,19.25
2025-10-02 07:22:03,20.562,19.312
2025-10-02 07:23:03,20.5,19.25
2025-10-02 07:24:03,20.5,19.25
2025-10-02 07:25:03,20.562,19.25
2025-10-02 07:26:02,20.5,19.312
2025-10-02 07:27:03,20.5,19.25
2025-10-02 07:28:03,20.562,19.25
2025-10-02 07:29:03,20.5,19.312
2025-10-02 07:30:03,20.562,19.312
2025-10-02 07:31:03,20.5,19.312
2025-10-02 07:32:03,20.562,19.312
2025-10-02 07:33:03,20.5,19.312
2025-10-02 07:34:03,20.5,19.25
2025-10-02 07:35:03,20.5,19.25
2025-10-02 07:36:02,20.562,19.25
2025-10-02 07:37:02,20.562,19.187
2025-10-02 07:38:03,20.625,19.187
2025-10-02 07:39:03,20.625,19.187
2025-10-02 07:40:03,20.625,19.25
2025-10-02 07:41:03,20.562,19.25
2025-10-02 07:42:03,20.625,19.25
2025-10-02 07:43:03,20.625,19.25
2025-10-02 07:44:03,20.625,19.25
2025-10-02 07:45:03,20.625,19.25
2025-10-02 07:46:03,20.687,19.25
2025-10-02 07:47:02,20.625,19.312
2025-10-02 07:48:03,20.687,19.312
2025-10-02 07:49:03,20.625,19.312
2025-10-02 07:50:03,20.625,19.312
2025-10-02 07:51:03,20.625,19.25
2025-10-02 07:52:03,20.625,19.312
2025-10-02 07:53:03,20.687,19.312
2025-10-02 07:54:03,20.687,19.312
2025-10-02 07:55:03,20.687,19.312
2025-10-02 07:56:03,20.687,19.312
2025-10-02 07:57:02,20.687,19.375
2025-10-02 07:58:02,20.687,19.375
2025-10-02 07:59:03,20.687,19.375
2025-10-02 08:00:03,20.687,19.375
2025-10-02 08:01:03,20.687,19.375
2025-10-02 08:02:03,20.75,19.437
2025-10-02 08:03:03,20.687,19.437
2025-10-02 08:04:03,20.75,19.375
2025-10-02 08:05:03,20.75,19.437
2025-10-02 08:06:03,20.75,19.437
2025-10-02 08:07:03,20.687,19.375
2025-10-02 08:08:02,20.687,19.312
2025-10-02 08:09:02,20.75,19.375
2025-10-02 08:10:03,20.75,19.375
2025-10-02 08:11:03,20.75,19.375
2025-10-02 08:12:03,20.75,19.312
2025-10-02 08:13:03,20.812,19.312
2025-10-02 08:14:03,20.687,19.312
2025-10-02 08:15:03,20.687,19.312
2025-10-02 08:16:03,20.687,19.25
2025-10-02 08:17:03,20.687,19.25
2025-10-02 08:18:02,20.687,19.25
2025-10-02 08:19:03,20.687,19.187
2025-10-02 08:20:03,20.75,19.187
2025-10-02 08:21:03,20.687,19.187
2025-10-02 08:22:03,20.687,19.25
2025-10-02 08:23:03,20.75,19.25
2025-10-02 08:24:03,20.75,19.25
2025-10-02 08:25:03,20.687,19.125
2025-10-02 08:26:03,20.75,19.125
2025-10-02 08:27:02,20.687,19.125
2025-10-02 08:28:03,20.75,19.125
2025-10-02 08:29:03,20.75,19.25
2025-10-02 08:30:03,20.75,19.25
2025-10-02 08:31:03,20.812,19.312
2025-10-02 08:32:03,20.812,19.312
2025-10-02 08:33:03,20.812,19.312
2025-10-02 08:34:03,20.812,19.312
2025-10-02 08:35:03,20.812,19.312
2025-10-02 08:36:02,20.875,19.312
2025-10-02 08:37:03,20.875,19.375
2025-10-02 08:38:03,20.875,19.375
2025-10-02 08:39:03,20.875,19.375
2025-10-02 08:40:03,20.875,19.312
2025-10-02 08:41:03,20.937,19.375
2025-10-02 08:42:03,20.937,19.375
2025-10-02 08:43:03,20.875,19.375
2025-10-02 08:44:03,20.937,19.375
2025-10-02 08:45:03,20.937,19.375
2025-10-02 08:46:02,21.0,19.312
2025-10-02 08:47:03,20.937,19.25
2025-10-02 08:48:03,20.875,19.25
2025-10-02 08:49:03,20.937,19.312
2025-10-02 08:50:03,20.937,19.25
2025-10-02 08:51:03,20.875,19.187
2025-10-02 08:52:03,20.875,19.25
2025-10-02 08:53:03,20.937,19.312
2025-10-02 08:54:03,20.875,19.312
2025-10-02 08:55:03,20.937,19.312
2025-10-02 08:56:02,20.937,19.25
2025-10-02 08:57:03,20.875,19.25
2025-10-02 08:58:03,20.937,19.25
2025-10-02 08:59:03,20.875,19.25
2025-10-02 09:00:03,20.937,19.187
2025-10-02 09:01:03,21.0,19.25
2025-10-02 09:02:03,20.937,19.187
2025-10-02 09:03:03,20.937,19.187
2025-10-02 09:04:03,20.937,19.125
2025-10-02 09:05:03,20.937,19.187
2025-10-02 09:06:02,20.937,19.187
2025-10-02 09:07:03,20.937,19.125
2025-10-02 09:08:03,20.937,19.187
2025-10-02 09:09:03,20.937,19.25
2025-10-02 09:10:03,20.937,19.312
2025-10-02 09:11:03,20.937,19.312
2025-10-02 09:12:03,20.937,19.312
2025-10-02 09:13:03,20.937,19.312
2025-10-02 09:14:03,21.0,19.375
2025-10-02 09:15:02,21.0,19.375
2025-10-02 09:16:02,21.0,19.375
2025-10-02 09:17:03,21.0,19.375
2025-10-02 09:18:03,21.0,19.375
2025-10-02 09:19:03,21.0,19.375
2025-10-02 09:20:03,20.937,19.375
2025-10-02 09:21:03,21.0,19.375
2025-10-02 09:22:03,20.937,19.375
2025-10-02 09:23:03,21.0,19.375
2025-10-02 09:24:03,21.0,19.375
2025-10-02 09:25:03,21.0,19.375
2025-10-02 09:26:02,20.937,19.375
2025-10-02 09:27:03,20.937,19.375
2025-10-02 09:28:03,20.937,19.375
2025-10-02 09:29:03,20.937,19.437
2025-10-02 09:30:03,20.875,19.375
2025-10-02 09:31:03,21.0,19.375
2025-10-02 09:32:03,20.875,19.375
2025-10-02 09:33:03,20.937,19.375
2025-10-02 09:34:03,20.875,19.375
2025-10-02 09:35:03,20.937,19.375
2025-10-02 09:36:02,20.937,19.375
2025-10-02 09:37:02,20.937,19.375
2025-10-02 09:38:03,20.875,19.375
2025-10-02 09:39:03,20.875,19.375
2025-10-02 09:40:03,20.875,19.312
2025-10-02 09:41:03,20.875,19.312
2025-10-02 09:42:03,20.875,19.312
2025-10-02 09:43:03,20.875,19.375
2025-10-02 09:44:03,20.875,19.375
2025-10-02 09:45:03,20.875,19.375
2025-10-02 09:46:03,20.875,19.312
2025-10-02 09:47:02,20.875,19.375
2025-10-02 09:48:03,20.812,19.312
2025-10-02 09:49:03,20.875,19.375
2025-10-02 09:50:03,20.875,19.375
2025-10-02 09:51:03,20.812,19.312
2025-10-02 09:52:03,20.875,19.312
2025-10-02 09:53:03,20.875,19.312
2025-10-02 09:54:03,20.875,19.375
2025-10-02 09:55:03,20.875,19.375
2025-10-02 09:56:03,20.812,19.375
2025-10-02 09:57:02,20.875,19.375
2025-10-02 09:58:02,20.875,19.375
2025-10-02 09:59:03,20.875,19.312
2025-10-02 10:00:03,20.812,19.375
2025-10-02 10:01:03,20.875,19.375
2025-10-02 10:02:03,20.875,19.375
2025-10-02 10:03:03,20.875,19.375
2025-10-02 10:04:03,20.812,19.437
2025-10-02 10:05:03,20.875,19.375
2025-10-02 10:06:03,20.812,19.375
2025-10-02 10:07:02,20.875,19.437
2025-10-02 10:08:02,20.875,19.437
2025-10-02 10:09:03,20.875,19.437
2025-10-02 10:10:03,20.875,19.437
2025-10-02 10:11:03,20.812,19.437
2025-10-02 10:12:03,20.875,19.375
2025-10-02 10:13:03,20.875,19.437
2025-10-02 10:14:03,20.812,19.437
2025-10-02 10:15:03,20.875,19.437
2025-10-02 10:16:03,20.812,19.437
2025-10-02 10:17:03,20.875,19.437
2025-10-02 10:18:02,20.875,19.437
2025-10-02 10:19:02,20.875,19.437
2025-10-02 10:20:03,20.875,19.437
2025-10-02 10:21:03,20.875,19.5
2025-10-02 10:22:03,20.875,19.437
2025-10-02 10:23:03,20.875,19.375
2025-10-02 10:24:03,20.875,19.437
2025-10-02 10:25:03,20.812,19.437
2025-10-02 10:26:03,20.875,19.437
2025-10-02 10:27:03,20.875,19.437
2025-10-02 10:28:02,20.875,19.437
2025-10-02 10:29:03,20.875,19.437
2025-10-02 10:30:03,20.875,19.437
2025-10-02 10:31:03,20.875,19.5
2025-10-02 10:32:03,20.875,19.437
2025-10-02 10:33:03,20.875,19.437
2025-10-02 10:34:03,20.937,19.5
2025-10-02 10:35:03,20.937,19.437
2025-10-02 10:36:03,20.875,19.437
2025-10-02 10:37:03,20.875,19.437
2025-10-02 10:38:02,20.875,19.437
2025-10-02 10:39:03,20.812,19.437
2025-10-02 10:40:03,20.875,19.437
2025-10-02 10:41:03,20.812,19.5
2025-10-02 10:42:03,20.812,19.5
2025-10-02 10:43:03,20.875,19.5
2025-10-02 10:44:03,20.875,19.437
2025-10-02 10:45:03,20.875,19.437
2025-10-02 10:46:03,20.875,19.5
2025-10-02 10:47:03,20.875,19.5
2025-10-02 10:48:02,20.875,19.5
2025-10-02 10:49:03,20.875,19.5
2025-10-02 10:50:03,20.875,19.5
2025-10-02 10:51:03,20.937,19.5
2025-10-02 10:52:03,20.937,19.437
2025-10-02 10:53:03,20.875,19.437
2025-10-02 10:54:03,20.875,19.437
2025-10-02 10:55:03,20.875,19.5
2025-10-02 10:56:03,20.875,19.5
2025-10-02 10:57:03,20.875,19.437
2025-10-02 10:58:02,20.875,19.5
2025-10-02 10:59:03,20.875,19.5
2025-10-02 11:00:03,20.875,19.5
2025-10-02 11:01:03,20.875,19.5
2025-10-02 11:02:03,20.875,19.5
2025-10-02 11:03:03,20.812,19.5
2025-10-02 11:04:03,20.937,19.5
2025-10-02 11:05:03,20.875,19.5
2025-10-02 11:06:03,20.875,19.562
2025-10-02 11:07:03,20.812,19.5
2025-10-02 11:08:02,20.875,19.5
2025-10-02 11:09:02,20.812,19.5
2025-10-02 11:10:03,20.875,19.5
2025-10-02 11:11:03,20.875,19.5
2025-10-02 11:12:03,20.875,19.5
2025-10-02 11:13:03,20.812,19.5
2025-10-02 11:14:03,20.875,19.5
2025-10-02 11:15:03,20.875,19.562
2025-10-02 11:16:03,20.875,19.5
2025-10-02 11:17:03,20.875,19.437
2025-10-02 11:18:03,20.812,19.5
2025-10-02 11:19:02,20.875,19.5
2025-10-02 11:20:02,20.875,19.562
2025-10-02 11:21:03,20.875,19.562
2025-10-02 11:22:03,20.937,19.5
2025-10-02 11:23:03,20.875,19.562
2025-10-02 11:24:03,20.875,19.5
2025-10-02 11:25:03,20.875,19.562
2025-10-02 11:26:03,20.875,19.5
2025-10-02 11:27:03,20.812,19.562
2025-10-02 11:28:03,20.812,19.5
2025-10-02 11:29:02,20.812,19.562
2025-10-02 11:30:02,20.875,19.562
2025-10-02 11:31:03,20.875,19.562
2025-10-02 11:32:03,20.875,19.562
2025-10-02 11:33:03,20.875,19.562
2025-10-02 11:34:03,20.875,19.562
2025-10-02 11:35:03,20.875,19.562
2025-10-02 11:36:03,20.875,19.5
2025-10-02 11:37:03,20.875,19.562
2025-10-02 11:38:03,20.875,19.562
2025-10-02 11:39:03,20.875,19.562
2025-10-02 11:40:02,20.875,19.562
2025-10-02 11:41:03,20.875,19.562
2025-10-02 11:42:03,20.812,19.562
2025-10-02 11:43:03,20.875,19.562
2025-10-02 11:44:03,20.875,19.562
2025-10-02 11:45:03,20.812,19.562
2025-10-02 11:46:03,20.812,19.562
2025-10-02 11:47:03,20.812,19.562
2025-10-02 11:48:03,20.875,19.562
2025-10-02 11:49:03,20.875,19.562
2025-10-02 11:50:02,20.875,19.562
2025-10-02 11:51:03,20.812,19.562
2025-10-02 11:52:03,20.875,19.562
2025-10-02 11:53:03,20.875,19.562
2025-10-02 11:54:03,20.812,19.562
2025-10-02 11:55:03,20.875,19.562
2025-10-02 11:56:03,20.875,19.562
2025-10-02 11:57:03,20.875,19.562
2025-10-02 11:58:03,20.875,19.5
2025-10-02 11:59:02,20.875,19.562
2025-10-02 12:00:03,20.875,19.562
2025-10-02 12:01:03,20.875,19.562
2025-10-02 12:02:03,20.812,19.562
2025-10-02 12:03:03,20.875,19.625
2025-10-02 12:04:03,20.875,19.625
2025-10-02 12:05:03,20.875,19.562
2025-10-02 12:06:03,20.875,19.562
2025-10-02 12:07:03,20.875,19.562
2025-10-02 12:08:03,20.812,19.625
2025-10-02 12:09:02,20.812,19.625
2025-10-02 12:10:02,20.875,19.625
2025-10-02 12:11:03,20.875,19.625
2025-10-02 12:12:03,20.875,19.625
2025-10-02 12:13:03,20.812,19.625
2025-10-02 12:14:03,20.875,19.562
2025-10-02 12:15:03,20.875,19.625
2025-10-02 12:16:03,20.875,19.562
2025-10-02 12:17:03,20.875,19.625
2025-10-02 12:18:03,20.875,19.625
2025-10-02 12:19:03,20.875,19.625
2025-10-02 12:20:02,20.875,19.625
2025-10-02 12:21:03,20.875,19.562
2025-10-02 12:22:03,20.875,19.625
2025-10-02 12:23:03,20.875,19.562
2025-10-02 12:24:03,20.875,19.625
2025-10-02 12:25:03,20.875,19.625
2025-10-02 12:26:03,20.875,19.625
2025-10-02 12:27:03,20.875,19.625
2025-10-02 12:28:03,20.875,19.687
2025-10-02 12:29:03,20.875,19.625
2025-10-02 12:30:02,20.875,19.625
2025-10-02 12:31:03,20.875,19.625
2025-10-02 12:32:03,20.875,19.625
2025-10-02 12:33:03,20.812,19.625
2025-10-02 12:34:03,20.875,19.625
2025-10-02 12:35:03,20.875,19.625
2025-10-02 12:36:03,20.875,19.687
2025-10-02 12:37:03,20.875,19.625
2025-10-02 12:38:03,20.875,19.625
2025-10-02 12:39:03,20.875,19.687
2025-10-02 12:40:02,20.875,19.625
2025-10-02 12:41:03,20.937,19.625
2025-10-02 12:42:03,20.937,19.625
2025-10-02 12:43:03,20.937,19.687
2025-10-02 12:44:03,20.875,19.687
2025-10-02 12:45:03,20.937,19.625
2025-10-02 12:46:03,20.875,19.625
2025-10-02 12:47:03,20.875,19.625
2025-10-02 12:48:03,20.875,19.687
2025-10-02 12:49:03,20.937,19.687
2025-10-02 12:50:02,20.937,19.687
2025-10-02 12:51:02,20.937,19.687
2025-10-02 12:52:03,20.875,19.687
2025-10-02 12:53:03,20.875,19.687
2025-10-02 12:54:03,20.937,19.687
2025-10-02 12:55:03,20.937,19.687
2025-10-02 12:56:03,20.875,19.687
2025-10-02 12:57:03,20.875,19.687
2025-10-02 12:58:03,20.937,19.687
2025-10-02 12:59:03,20.875,19.687
2025-10-02 13:00:03,20.875,19.687
2025-10-02 13:01:02,20.937,19.75
2025-10-02 13:02:02,20.875,19.687
2025-10-02 13:03:03,20.937,19.687
2025-10-02 13:04:03,20.937,19.687
2025-10-02 13:05:03,20.937,19.75
2025-10-02 13:06:03,20.937,19.687
2025-10-02 13:07:03,20.937,19.687
2025-10-02 13:08:03,20.937,19.75
2025-10-02 13:09:03,20.937,19.687
2025-10-02 13:10:03,20.875,19.687
2025-10-02 13:11:02,20.937,19.687
2025-10-02 13:12:03,20.937,19.75
2025-10-02 13:13:03,20.937,19.75
2025-10-02 13:14:03,20.937,19.75
2025-10-02 13:15:03,20.937,19.75
2025-10-02 13:16:03,20.937,19.75
2025-10-02 13:17:03,21.0,19.75
2025-10-02 13:18:03,20.937,19.75
2025-10-02 13:19:03,20.937,19.75
2025-10-02 13:20:03,20.937,19.812
2025-10-02 13:21:02,20.937,19.75
2025-10-02 13:22:02,20.937,19.75
2025-10-02 13:23:03,21.0,19.75
2025-10-02 13:24:03,20.937,19.75
2025-10-02 13:25:03,21.0,19.75
2025-10-02 13:26:03,20.937,19.75
2025-10-02 13:27:03,20.937,19.812
2025-10-02 13:28:03,21.0,19.812
2025-10-02 13:29:03,21.0,19.75
2025-10-02 13:30:03,21.0,19.75
2025-10-02 13:31:03,20.937,19.812
2025-10-02 13:32:02,21.0,19.75
2025-10-02 13:33:03,21.0,19.75
2025-10-02 13:34:03,21.0,19.812
2025-10-02 13:35:03,21.0,19.812
2025-10-02 13:36:03,21.062,19.812
2025-10-02 13:37:03,21.0,19.75
2025-10-02 13:38:03,21.0,19.812
2025-10-02 13:39:03,20.937,19.75
2025-10-02 13:40:03,21.0,19.812
2025-10-02 13:41:02,20.937,19.812
2025-10-02 13:42:03,21.0,19.812
2025-10-02 13:43:03,21.0,19.812
2025-10-02 13:44:03,21.0,19.812
2025-10-02 13:45:03,21.0,19.812
2025-10-02 13:46:03,21.0,19.812
2025-10-02 13:47:03,21.062,19.812
2025-10-02 13:48:03,21.0,19.812
2025-10-02 13:49:03,21.0,19.812
2025-10-02 13:50:03,21.0,19.812
2025-10-02 13:51:02,21.0,19.875
2025-10-02 13:52:03,21.062,19.875
2025-10-02 13:53:03,21.062,19.875
2025-10-02 13:54:03,21.062,19.875
2025-10-02 13:55:03,21.062,19.875
2025-10-02 13:56:03,21.062,19.875
2025-10-02 13:57:03,21.062,19.875
2025-10-02 13:58:03,21.062,19.875
2025-10-02 13:59:03,21.125,19.875
2025-10-02 14:00:02,21.125,19.875
2025-10-02 14:01:02,21.187,19.875
2025-10-02 14:02:03,21.125,19.875
2025-10-02 14:03:03,21.125,19.937
2025-10-02 14:04:03,21.125,19.875
2025-10-02 14:05:03,21.187,19.875
2025-10-02 14:06:03,21.125,19.937
2025-10-02 14:07:03,21.187,19.937
2025-10-02 14:08:03,21.187,19.937
2025-10-02 14:09:03,21.312,19.937
2025-10-02 14:10:02,21.312,19.937
2025-10-02 14:11:03,21.312,19.937
2025-10-02 14:12:03,21.375,19.937
2025-10-02 14:13:03,21.312,19.937
2025-10-02 14:14:03,21.437,19.937
2025-10-02 14:15:03,21.437,19.937
2025-10-02 14:16:03,21.375,19.937
2025-10-02 14:17:03,21.375,19.937
2025-10-02 14:18:03,21.437,19.937
2025-10-02 14:19:03,21.437,20.0
2025-10-02 14:20:02,21.5,19.937
2025-10-02 14:21:02,21.437,20.0
2025-10-02 14:22:03,21.437,20.0
2025-10-02 14:23:03,21.437,20.0
2025-10-02 14:24:03,21.437,20.0
2025-10-02 14:25:03,21.437,20.0
2025-10-02 14:26:03,21.437,20.0
2025-10-02 14:27:03,21.437,20.0
2025-10-02 14:28:03,21.437,20.0
2025-10-02 14:29:03,21.437,20.0
2025-10-02 14:30:03,21.437,20.0
2025-10-02 14:31:02,21.5,20.062
2025-10-02 14:32:02,21.437,20.062
2025-10-02 14:33:03,21.5,20.0
2025-10-02 14:34:03,21.437,20.062
2025-10-02 14:35:03,21.437,20.062
2025-10-02 14:36:03,21.437,20.0
2025-10-02 14:37:03,21.5,20.062
2025-10-02 14:38:03,21.437,20.062
2025-10-02 14:39:03,21.5,20.062
2025-10-02 14:40:03,21.437,20.062
2025-10-02 14:41:02,21.5,20.062
2025-10-02 14:42:02,21.5,20.062
2025-10-02 14:43:03,21.5,20.062
2025-10-02 14:44:03,21.5,20.062
2025-10-02 14:45:03,21.5,20.062
2025-10-02 14:46:03,21.5,20.062
2025-10-02 14:47:03,21.5,20.062
2025-10-02 14:48:03,21.437,20.125
2025-10-02 14:49:03,21.437,20.062
2025-10-02 14:50:02,21.437,20.125
2025-10-02 14:51:02,21.437,20.062
2025-10-02 14:52:03,21.5,20.125
2025-10-02 14:53:03,21.5,20.062
2025-10-02 14:54:03,21.562,20.062
