t,consumo,produzione
2025-05-02 09:23:22,331,4343
2025-05-02 09:24:22,208,4351
2025-05-02 09:25:22,199,4392
2025-05-02 09:26:22,181,4435
2025-05-02 09:27:23,254,4497
2025-05-02 09:28:23,340,4542
2025-05-02 09:29:23,362,4567
2025-05-02 09:30:23,293,4580
2025-05-02 09:31:23,157,4454
2025-05-02 09:32:23,221,4653
2025-05-02 09:33:24,309,4692
2025-05-02 09:34:24,314,4690
2025-05-02 09:35:24,321,4652
2025-05-02 09:36:24,323,4639
2025-05-02 09:37:24,328,4676
2025-05-02 09:38:24,344,4808
2025-05-02 09:39:25,257,4761
2025-05-02 09:40:25,211,4828
2025-05-02 09:41:25,175,4810
2025-05-02 09:42:25,194,4736
2025-05-02 09:43:25,296,4663
2025-05-02 09:44:25,343,4682
2025-05-02 09:45:26,363,4757
2025-05-02 09:46:26,128,4892
2025-05-02 09:47:26,172,4947
2025-05-02 09:48:26,254,4937
2025-05-02 09:49:26,304,4971
2025-05-02 09:50:26,329,5108
2025-05-02 09:51:27,319,5096
2025-05-02 09:52:27,434,5186
2025-05-02 09:53:27,320,5137
2025-05-02 09:54:27,465,5091
2025-05-02 09:55:27,182,5093
2025-05-02 09:56:27,139,5237
2025-05-02 09:57:28,125,5166
2025-05-02 09:58:28,295,5122
2025-05-02 09:59:28,365,5193
2025-05-02 10:00:28,312,5386
2025-05-02 10:01:28,212,5025
2025-05-02 10:02:29,111,4933
2025-05-02 10:03:29,167,5305
2025-05-02 10:04:29,207,5182
2025-05-02 10:05:29,242,5029
2025-05-02 10:06:29,244,5086
2025-05-02 10:07:29,245,5204
2025-05-02 10:08:30,245,5212
2025-05-02 10:09:30,245,5290
2025-05-02 10:10:30,185,5292
2025-05-02 10:11:30,145,5271
2025-05-02 10:12:30,167,5217
2025-05-02 10:13:30,173,5215
2025-05-02 10:14:31,188,5068
2025-05-02 10:15:31,212,5096
2025-05-02 10:16:31,215,4921
2025-05-02 10:17:31,262,5087
2025-05-02 10:18:31,317,4928
2025-05-02 10:19:31,178,5127
2025-05-02 10:20:32,163,5336
2025-05-02 10:21:32,160,5128
2025-05-02 10:22:32,139,5108
2025-05-02 10:23:32,137,5159
2025-05-02 10:24:32,133,5197
2025-05-02 10:25:33,485,5289
2025-05-02 10:26:33,134,5305
2025-05-02 10:27:33,149,5317
2025-05-02 10:28:33,161,5491
2025-05-02 10:29:33,163,5704
2025-05-02 10:30:33,172,5794
2025-05-02 10:31:34,173,5841
2025-05-02 10:32:34,174,5999
2025-05-02 10:33:34,173,6022
2025-05-02 10:34:34,173,6022
2025-05-02 10:35:34,173,5976
2025-05-02 10:36:34,173,6012
2025-05-02 10:37:35,158,6024
2025-05-02 10:38:35,141,6023
2025-05-02 10:39:35,141,6025
2025-05-02 10:40:35,147,6014
2025-05-02 10:41:35,139,5853
2025-05-02 10:42:35,137,6003
2025-05-02 10:43:36,137,6001
2025-05-02 10:44:36,138,6020
2025-05-02 10:45:36,137,5921
2025-05-02 10:46:36,137,5959
2025-05-02 10:47:36,137,6029
2025-05-02 10:48:36,137,6028
2025-05-02 10:49:37,137,6028
2025-05-02 10:50:37,136,6027
2025-05-02 10:51:37,136,5996
2025-05-02 10:52:37,135,5792
2025-05-02 10:53:37,122,5834
2025-05-02 10:54:38,106,6018
2025-05-02 10:55:38,106,6021
2025-05-02 10:56:38,103,5786
2025-05-02 10:57:38,105,5978
2025-05-02 10:58:38,106,6023
2025-05-02 10:59:38,105,5962
2025-05-02 11:00:39,113,6013
2025-05-02 11:01:39,105,6024
2025-05-02 11:02:39,105,6025
2025-05-02 11:03:39,105,6024
2025-05-02 11:04:39,105,5980
2025-05-02 11:05:39,104,6018
2025-05-02 11:06:40,105,6023
2025-05-02 11:07:40,104,5959
2025-05-02 11:08:40,127,5925
2025-05-02 11:09:40,131,6004
2025-05-02 11:10:40,163,6019
2025-05-02 11:11:40,173,6020
2025-05-02 11:12:41,200,6020
2025-05-02 11:13:41,208,6021
2025-05-02 11:14:41,211,6016
2025-05-02 11:15:41,212,6020
2025-05-02 11:16:41,307,6023
2025-05-02 11:17:42,337,6023
2025-05-02 11:18:42,272,6023
2025-05-02 11:19:42,212,6021
2025-05-02 11:20:42,179,6022
2025-05-02 11:21:42,169,6020
2025-05-02 11:22:42,168,6018
2025-05-02 11:23:43,168,6018
2025-05-02 11:24:43,168,6015
2025-05-02 11:25:43,170,6116
2025-05-02 11:26:43,167,6016
2025-05-02 11:27:43,168,6017
2025-05-02 11:28:43,167,6016
2025-05-02 11:29:44,167,6017
2025-05-02 11:30:44,167,6016
2025-05-02 11:31:44,223,6020
2025-05-02 11:32:44,297,6020
2025-05-02 11:33:44,261,6021
2025-05-02 11:34:44,166,6023
2025-05-02 11:35:45,160,6022
2025-05-02 11:36:45,142,6020
2025-05-02 11:37:45,140,6020
2025-05-02 11:38:45,148,6020
2025-05-02 11:39:45,161,6020
2025-05-02 11:40:45,212,6018
2025-05-02 11:41:46,164,6020
2025-05-02 11:42:46,161,6020
2025-05-02 11:43:46,268,6020
2025-05-02 11:44:46,257,6019
2025-05-02 11:45:46,203,6018
2025-05-02 11:46:46,160,6023
2025-05-02 11:47:47,155,6023
2025-05-02 11:48:47,301,6023
2025-05-02 11:49:47,413,6020
2025-05-02 11:50:47,412,6015
2025-05-02 11:51:47,412,6018
2025-05-02 11:52:47,413,6017
2025-05-02 11:53:48,412,6017
2025-05-02 11:54:48,412,6017
2025-05-02 11:55:48,410,6018
2025-05-02 11:56:48,385,6016
2025-05-02 11:57:48,379,6017
2025-05-02 11:58:49,313,6016
2025-05-02 11:59:49,123,6019
2025-05-02 12:00:49,124,6019
2025-05-02 12:01:49,123,6023
2025-05-02 12:02:49,123,6024
2025-05-02 12:03:49,122,6026
2025-05-02 12:04:50,122,6025
2025-05-02 12:05:50,115,6023
2025-05-02 12:06:50,91,6022
2025-05-02 12:07:50,95,6022
2025-05-02 12:08:50,111,6021
2025-05-02 12:09:50,181,6020
2025-05-02 12:10:51,244,6019
2025-05-02 12:11:51,188,5920
2025-05-02 12:12:51,109,6022
2025-05-02 12:13:51,226,6122
2025-05-02 12:14:51,250,5921
2025-05-02 12:15:51,137,6022
2025-05-02 12:16:52,110,6022
2025-05-02 12:17:52,111,6022
2025-05-02 12:18:52,110,6020
2025-05-02 12:19:52,112,6023
2025-05-02 12:20:52,113,6021
2025-05-02 12:21:52,139,6022
2025-05-02 12:22:53,169,6020
2025-05-02 12:23:53,169,6022
2025-05-02 12:24:53,171,6017
2025-05-02 12:25:53,172,6019
2025-05-02 12:26:53,172,6018
2025-05-02 12:27:54,169,6016
2025-05-02 12:28:54,171,6017
2025-05-02 12:29:54,167,6017
2025-05-02 12:30:54,168,6017
2025-05-02 12:31:54,173,6023
2025-05-02 12:32:54,188,6022
2025-05-02 12:33:55,248,6020
2025-05-02 12:34:55,284,6020
2025-05-02 12:35:55,260,6019
2025-05-02 12:36:55,299,6022
2025-05-02 12:37:55,162,6022
2025-05-02 12:38:55,146,6011
2025-05-02 12:39:56,146,6020
2025-05-02 12:40:56,146,6020
2025-05-02 12:41:56,146,6019
2025-05-02 12:42:56,145,6020
2025-05-02 12:43:56,145,6019
2025-05-02 12:44:57,145,6020
2025-05-02 12:45:57,144,6020
2025-05-02 12:46:57,182,6019
2025-05-02 12:47:57,265,6023
2025-05-02 12:48:57,266,6022
2025-05-02 12:49:57,143,6020
2025-05-02 12:50:58,143,6018
2025-05-02 12:51:58,143,6017
2025-05-02 12:52:58,143,6016
2025-05-02 12:53:58,143,6016
2025-05-02 12:54:58,142,6015
2025-05-02 12:55:58,141,6017
2025-05-02 12:56:59,141,6017
2025-05-02 12:57:59,141,6020
2025-05-02 12:58:59,141,6020
2025-05-02 12:59:59,141,6020
2025-05-02 13:00:59,139,6019
2025-05-02 13:01:59,138,6022
2025-05-02 13:03:00,137,6016
2025-05-02 13:04:00,273,12040
2025-05-02 13:05:00,135,6020
2025-05-02 13:06:00,136,6019
2025-05-02 13:07:01,136,6017
2025-05-02 13:08:01,135,6016
2025-05-02 13:09:01,134,6018
2025-05-02 13:10:01,134,6017
2025-05-02 13:11:01,134,6019
2025-05-02 13:12:01,134,6017
2025-05-02 13:13:02,134,6017
2025-05-02 13:14:02,134,6018
2025-05-02 13:15:02,134,6018
2025-05-02 13:16:02,109,6018
2025-05-02 13:17:02,104,6019
2025-05-02 13:18:02,103,6017
2025-05-02 13:19:03,104,6020
2025-05-02 13:20:03,104,6019
2025-05-02 13:21:03,104,6020
2025-05-02 13:22:03,104,6020
2025-05-02 13:23:03,104,6020
2025-05-02 13:24:03,104,6013
2025-05-02 13:25:04,104,6019
2025-05-02 13:26:04,104,6020
2025-05-02 13:27:04,104,6017
2025-05-02 13:28:04,104,6017
2025-05-02 13:29:04,104,6017
2025-05-02 13:30:04,104,6019
2025-05-02 13:31:05,103,6021
2025-05-02 13:32:05,103,6018
2025-05-02 13:33:05,103,6019
2025-05-02 13:34:05,103,6016
2025-05-02 13:35:05,105,6019
2025-05-02 13:36:05,103,6119
2025-05-02 13:37:06,103,6019
2025-05-02 13:38:06,103,6017
2025-05-02 13:39:06,104,6017
2025-05-02 13:40:06,131,6016
2025-05-02 13:41:06,136,6016
2025-05-02 13:42:06,139,6016
2025-05-02 13:43:07,141,6016
2025-05-02 13:44:07,140,6018
2025-05-02 13:45:07,140,6016
2025-05-02 13:46:07,140,6019
2025-05-02 13:47:07,140,6020
2025-05-02 13:48:07,148,6022
2025-05-02 13:49:08,140,6022
2025-05-02 13:50:08,139,6017
2025-05-02 13:51:08,139,6022
2025-05-02 13:52:08,141,6021
2025-05-02 13:53:08,140,6018
2025-05-02 13:54:09,140,6021
2025-05-02 13:55:09,140,6020
2025-05-02 13:56:09,140,6019
2025-05-02 13:57:09,140,6019
2025-05-02 13:58:09,140,6019
2025-05-02 13:59:09,140,6018
2025-05-02 14:00:10,140,6020
2025-05-02 14:01:10,139,6019
2025-05-02 14:02:10,140,6018
2025-05-02 14:03:10,139,6017
2025-05-02 14:04:10,139,6017
2025-05-02 14:05:10,140,6016
2025-05-02 14:06:11,139,6016
2025-05-02 14:07:11,140,6019
2025-05-02 14:08:11,138,6018
2025-05-02 14:09:11,137,6017
2025-05-02 14:10:11,137,6018
2025-05-02 14:11:11,136,6014
2025-05-02 14:12:12,136,6017
2025-05-02 14:13:12,136,6017
2025-05-02 14:14:12,135,6017
2025-05-02 14:15:12,134,6018
2025-05-02 14:16:12,135,6018
2025-05-02 14:17:12,134,6017
2025-05-02 14:18:13,134,6016
2025-05-02 14:19:13,134,6016
2025-05-02 14:20:13,134,6020
2025-05-02 14:21:13,134,6019
2025-05-02 14:22:13,134,6017
2025-05-02 14:23:14,134,6019
2025-05-02 14:24:14,106,6019
2025-05-02 14:25:14,104,6018
2025-05-02 14:26:14,103,6021
2025-05-02 14:27:14,103,6022
2025-05-02 14:28:14,104,6018
2025-05-02 14:29:15,103,6017
2025-05-02 14:30:15,103,6018
2025-05-02 14:31:15,102,6017
2025-05-02 14:32:15,101,6016
2025-05-02 14:33:15,102,6016
2025-05-02 14:34:15,102,6016
2025-05-02 14:35:16,102,6014
2025-05-02 14:36:16,102,6016
2025-05-02 14:37:16,103,6016
2025-05-02 14:38:16,102,6016
2025-05-02 14:39:16,221,6017
2025-05-02 14:40:16,262,6018
2025-05-02 14:41:17,103,6017
2025-05-02 14:42:17,102,6019
2025-05-02 14:43:17,103,6019
2025-05-02 14:44:17,102,6020
2025-05-02 14:45:17,103,6017
2025-05-02 14:46:17,102,6017
2025-05-02 14:47:18,211,6016
2025-05-02 14:48:18,257,6016
2025-05-02 14:49:18,180,6016
2025-05-02 14:50:18,141,6018
2025-05-02 14:51:18,140,6116
2025-05-02 14:52:19,140,6019
2025-05-02 14:53:19,139,6020
2025-05-02 14:54:19,139,6020
2025-05-02 14:55:19,139,6018
2025-05-02 14:56:19,139,6017
2025-05-02 14:57:19,139,6015
2025-05-02 14:58:20,139,6017
2025-05-02 14:59:20,139,6019
2025-05-02 15:00:20,138,6014
2025-05-02 15:01:20,139,6020
2025-05-02 15:02:20,138,6019
2025-05-02 15:03:20,138,6016
2025-05-02 15:04:21,137,6016
2025-05-02 15:05:21,137,6015
2025-05-02 15:06:21,138,6014
2025-05-02 15:07:21,259,6014
2025-05-02 15:08:21,293,6014
2025-05-02 15:09:21,235,6014
2025-05-02 15:10:22,279,6014
2025-05-02 15:11:22,245,6016
2025-05-02 15:12:22,266,6016
2025-05-02 15:13:22,232,6019
2025-05-02 15:14:22,136,6019
2025-05-02 15:15:22,132,6020
2025-05-02 15:16:23,139,6019
2025-05-02 15:17:23,223,6020
2025-05-02 15:18:23,267,6018
2025-05-02 15:19:23,196,6019
2025-05-02 15:20:23,137,6017
2025-05-02 15:21:24,137,6018
2025-05-02 15:22:24,311,6018
2025-05-02 15:23:24,602,6017
2025-05-02 15:24:24,640,6018
2025-05-02 15:25:24,634,6017
2025-05-02 15:26:24,640,6017
2025-05-02 15:27:25,644,6019
2025-05-02 15:28:25,624,6016
2025-05-02 15:29:25,626,6018
2025-05-02 15:30:25,628,6017
2025-05-02 15:31:25,630,6015
2025-05-02 15:32:25,632,6017
2025-05-02 15:33:26,637,6016
2025-05-02 15:34:26,640,6005
2025-05-02 15:35:26,644,6018
2025-05-02 15:36:26,646,6018
2025-05-02 15:37:26,649,6017
2025-05-02 15:38:26,673,6017
2025-05-02 15:39:27,664,6020
2025-05-02 15:40:27,680,6020
2025-05-02 15:41:27,693,6022
2025-05-02 15:42:27,702,6022
2025-05-02 15:43:27,695,6021
2025-05-02 15:44:27,724,6014
2025-05-02 15:45:28,733,6017
2025-05-02 15:46:28,738,6016
2025-05-02 15:47:28,738,5901
2025-05-02 15:48:28,844,5357
2025-05-02 15:49:28,888,5287
2025-05-02 15:50:29,737,5280
2025-05-02 15:51:29,737,5393
2025-05-02 15:52:29,740,5491
2025-05-02 15:53:29,744,5657
2025-05-02 15:54:29,749,5735
2025-05-02 15:55:29,748,5710
2025-05-02 15:56:30,752,5878
2025-05-02 15:57:30,754,5990
2025-05-02 15:58:30,757,6011
2025-05-02 15:59:30,758,6015
2025-05-02 16:00:30,758,5785
2025-05-02 16:01:30,756,5594
2025-05-02 16:02:31,770,6011
2025-05-02 16:03:31,760,5713
2025-05-02 16:04:31,755,4918
2025-05-02 16:05:31,749,4423
2025-05-02 16:06:31,759,4952
2025-05-02 16:07:31,769,5992
2025-05-02 16:08:32,763,5231
2025-05-02 16:09:32,749,4098
2025-05-02 16:10:32,752,4305
2025-05-02 16:11:32,748,3843
2025-05-02 16:12:32,774,4979
2025-05-02 16:13:33,767,5399
2025-05-02 16:14:33,744,4415
2025-05-02 16:15:33,756,4425
2025-05-02 16:16:33,751,3830
2025-05-02 16:17:33,760,3668
2025-05-02 16:18:33,852,3828
2025-05-02 16:19:34,899,3668
2025-05-02 16:20:34,754,3796
2025-05-02 16:21:34,742,4111
2025-05-02 16:22:34,769,3932
2025-05-02 16:23:34,765,3980
2025-05-02 16:24:34,867,4181
2025-05-02 16:25:35,841,4136
2025-05-02 16:26:35,727,4076
2025-05-02 16:27:35,723,3763
2025-05-02 16:28:35,723,3681
2025-05-02 16:29:35,745,3964
2025-05-02 16:30:36,760,4210
2025-05-02 16:31:36,888,4198
2025-05-02 16:32:36,728,4361
2025-05-02 16:33:36,832,3794
2025-05-02 16:34:36,854,3396
2025-05-02 16:35:36,796,3040
2025-05-02 16:36:37,808,2727
2025-05-02 16:37:37,707,2602
2025-05-02 16:38:37,712,2547
2025-05-02 16:39:37,764,2586
2025-05-02 16:40:37,824,2632
2025-05-02 16:41:37,793,2789
2025-05-02 16:42:38,820,2890
2025-05-02 16:43:38,709,3017
2025-05-02 16:44:38,709,3086
2025-05-02 16:45:38,707,2933
2025-05-02 16:46:38,482,2975
2025-05-02 16:47:38,196,2940
2025-05-02 16:48:39,199,2882
2025-05-02 16:49:39,202,3092
2025-05-02 16:50:39,200,3167
2025-05-02 16:51:39,379,3335
2025-05-02 16:52:39,430,3345
2025-05-02 16:53:39,338,3041
2025-05-02 16:54:40,302,2729
2025-05-02 16:55:40,320,2623
2025-05-02 16:56:40,521,2643
2025-05-02 16:57:40,485,2540
2025-05-02 16:58:40,539,2414
2025-05-02 16:59:40,613,2441
2025-05-02 17:00:41,569,2571
2025-05-02 17:01:41,487,2623
2025-05-02 17:02:41,497,2614
2025-05-02 17:03:41,493,2821
2025-05-02 17:04:41,479,2984
2025-05-02 17:05:42,498,2997
2025-05-02 17:06:42,500,3266
2025-05-02 17:07:42,475,3328
2025-05-02 17:08:42,500,3504
2025-05-02 17:09:42,500,3544
2025-05-02 17:10:42,476,3710
2025-05-02 17:11:43,503,3795
2025-05-02 17:12:43,512,3686
2025-05-02 17:13:43,620,3629
2025-05-02 17:14:43,665,3608
2025-05-02 17:15:43,580,3644
2025-05-02 17:16:43,521,3646
2025-05-02 17:17:44,532,4022
2025-05-02 17:18:44,613,4054
2025-05-02 17:19:44,635,3953
2025-05-02 17:20:44,598,3900
2025-05-02 17:21:44,579,3908
2025-05-02 17:22:44,478,3803
2025-05-02 17:23:45,479,3819
2025-05-02 17:24:45,479,3459
2025-05-02 17:25:45,475,2601
2025-05-02 17:26:45,523,1958
2025-05-02 17:27:45,568,1823
2025-05-02 17:28:46,451,1600
2025-05-02 17:29:46,412,1470
2025-05-02 17:30:46,415,1438
2025-05-02 17:31:46,424,1574
2025-05-02 17:32:46,430,1625
2025-05-02 17:33:46,435,1692
2025-05-02 17:34:47,527,1519
2025-05-02 17:35:47,562,1517
2025-05-02 17:36:47,423,1604
2025-05-02 17:37:47,409,1843
2025-05-02 17:38:47,388,1994
2025-05-02 17:39:48,474,2050
2025-05-02 17:40:48,398,2165
2025-05-02 17:41:48,320,1910
2025-05-02 17:42:48,316,2017
2025-05-02 17:43:48,191,2069
2025-05-02 17:44:48,166,2165
2025-05-02 17:45:49,166,2218
2025-05-02 17:46:49,166,2078
2025-05-02 17:47:49,166,2110
2025-05-02 17:48:49,166,2509
2025-05-02 17:49:49,167,2524
2025-05-02 17:50:49,167,3052
2025-05-02 17:51:50,189,3488
2025-05-02 17:52:50,212,3403
2025-05-02 17:53:50,327,2707
2025-05-02 17:54:50,199,2439
2025-05-02 17:55:50,205,2923
2025-05-02 17:56:51,209,3196
2025-05-02 17:57:51,333,3002
2025-05-02 17:58:51,338,2686
2025-05-02 17:59:51,371,2372
2025-05-02 18:00:51,223,2339
2025-05-02 18:01:51,232,2446
2025-05-02 18:02:52,232,2760
2025-05-02 18:03:52,234,2177
2025-05-02 18:04:52,238,1498
2025-05-02 18:05:52,267,1394
2025-05-02 18:06:52,369,1419
2025-05-02 18:07:53,386,1529
2025-05-02 18:08:53,315,1475
2025-05-02 18:09:53,271,1492
2025-05-02 18:10:53,274,1380
2025-05-02 18:11:53,309,1238
2025-05-02 18:12:53,2225,1232
2025-05-02 18:13:54,1033,1327
2025-05-02 18:14:54,1316,1469
2025-05-02 18:15:54,3018,1504
2025-05-02 18:16:54,3011,1737
2025-05-02 18:17:54,3053,1887
2025-05-02 18:18:54,3019,2089
2025-05-02 18:19:55,2962,2270
2025-05-02 18:20:55,2967,2378
2025-05-02 18:21:55,2961,2200
2025-05-02 18:22:55,2738,2302
2025-05-02 18:23:55,2725,2403
2025-05-02 18:24:56,2713,2448
2025-05-02 18:25:56,2698,2463
2025-05-02 18:26:56,2683,2346
2025-05-02 18:27:56,2312,2103
2025-05-02 18:28:56,2612,2026
2025-05-02 18:29:56,1229,2095
2025-05-02 18:30:57,352,2069
2025-05-02 18:31:57,1873,1945
2025-05-02 18:32:57,1360,1820
2025-05-02 18:33:57,2506,1629
2025-05-02 18:34:57,2497,1433
2025-05-02 18:35:57,680,1268
2025-05-02 18:36:58,1774,1169
2025-05-02 18:37:58,2501,1123
2025-05-02 18:38:58,896,1103
2025-05-02 18:39:58,2520,1091
2025-05-02 18:40:58,2521,1085
2025-05-02 18:41:59,2518,1094
2025-05-02 18:42:59,835,1139
2025-05-02 18:43:59,2331,1219
2025-05-02 18:44:59,2192,1277
2025-05-02 18:45:59,475,1276
2025-05-02 18:46:59,2563,1142
2025-05-02 18:48:00,2581,1100
2025-05-02 18:49:00,2609,1076
2025-05-02 18:50:00,2652,997
2025-05-02 18:51:00,1758,1939
2025-05-02 18:52:00,3934,968
2025-05-02 18:53:01,2494,973
2025-05-02 18:54:01,763,982
2025-05-02 18:55:01,2125,988
2025-05-02 18:56:01,2505,1003
2025-05-02 18:57:01,1045,1016
2025-05-02 18:58:01,1906,1030
2025-05-02 18:59:02,2511,1039
2025-05-02 19:00:02,1580,1044
2025-05-02 19:01:02,1193,1045
2025-05-02 19:02:02,2519,1037
2025-05-02 19:03:02,958,1025
2025-05-02 19:04:02,373,1006
2025-05-02 19:05:03,1151,979
2025-05-02 19:06:03,2323,958
2025-05-02 19:07:03,382,937
2025-05-02 19:08:03,1756,916
2025-05-02 19:09:03,2022,896
2025-05-02 19:10:03,383,881
2025-05-02 19:11:04,2483,863
2025-05-02 19:12:04,1654,847
2025-05-02 19:13:04,409,830
2025-05-02 19:14:04,2346,807
2025-05-02 19:15:04,1391,782
2025-05-02 19:16:04,1078,760
2025-05-02 19:17:05,2543,734
2025-05-02 19:18:05,557,718
2025-05-02 19:19:05,1737,706
2025-05-02 19:20:05,2125,685
2025-05-02 19:21:05,370,676
2025-05-02 19:22:06,2099,674
2025-05-02 19:23:06,314,668
2025-05-02 19:24:06,315,645
2025-05-02 19:25:06,464,620
2025-05-02 19:26:06,319,599
2025-05-02 19:27:06,317,575
2025-05-02 19:28:07,317,549
2025-05-02 19:29:07,311,520
2025-05-02 19:30:07,297,489
2025-05-02 19:31:07,296,467
2025-05-02 19:32:07,296,448
2025-05-02 19:33:07,296,433
2025-05-02 19:34:08,296,418
2025-05-02 19:35:08,296,404
2025-05-02 19:36:08,296,393
2025-05-02 19:37:08,297,379
2025-05-02 19:38:08,329,362
2025-05-02 19:39:09,349,351
2025-05-02 19:40:09,338,341
2025-05-02 19:41:09,337,334
2025-05-02 19:42:09,314,325
2025-05-02 19:43:09,232,318
2025-05-02 19:44:09,244,311
2025-05-02 19:45:10,251,305
2025-05-02 19:46:10,245,304
2025-05-02 19:47:10,235,302
2025-05-02 19:48:10,234,300
2025-05-02 19:49:10,331,297
2025-05-02 19:50:10,373,292
2025-05-02 19:51:11,229,284
2025-05-02 19:52:11,217,275
2025-05-02 19:53:11,215,265
2025-05-02 19:54:11,214,254
2025-05-02 19:55:11,214,240
2025-05-02 19:56:12,215,230
2025-05-02 19:57:12,211,216
2025-05-02 19:58:12,214,211
2025-05-02 19:59:12,215,202
2025-05-02 20:00:12,215,194
2025-05-02 20:01:12,214,187
2025-05-02 20:02:13,217,181
2025-05-02 20:03:13,213,170
2025-05-02 20:04:13,212,160
2025-05-02 20:05:13,211,146
2025-05-02 20:06:13,209,141
2025-05-02 20:07:13,209,133
2025-05-02 20:08:14,208,125
2025-05-02 20:09:14,210,119
2025-05-02 20:10:14,223,113
2025-05-02 20:11:14,223,108
2025-05-02 20:12:14,223,103
2025-05-02 20:13:14,222,97
2025-05-02 20:14:15,228,92
2025-05-02 20:15:15,350,87
2025-05-02 20:16:15,859,79
2025-05-02 20:17:15,307,75
2025-05-02 20:18:15,220,69
2025-05-02 20:19:15,220,64
2025-05-02 20:20:16,218,57
2025-05-02 20:21:16,218,51
2025-05-02 20:22:16,214,45
2025-05-02 20:23:16,220,40
2025-05-02 20:24:16,655,37
2025-05-02 20:25:17,442,31
2025-05-02 20:26:17,209,27
2025-05-02 20:27:17,209,21
2025-05-02 20:28:17,208,17
2025-05-02 20:29:17,202,14
2025-05-02 20:30:17,194,10
2025-05-02 20:31:18,194,6
2025-05-02 20:32:18,194,4
2025-05-02 20:33:18,193,0
2025-05-02 20:34:18,193,0
2025-05-02 20:35:18,193,0
2025-05-02 20:36:19,449,2
2025-05-02 20:37:19,193,0
2025-05-02 20:38:19,192,0
2025-05-02 20:39:19,191,0
2025-05-02 20:40:19,199,0
2025-05-02 20:41:19,184,0
2025-05-02 20:42:20,190,0
2025-05-02 20:43:20,193,0
2025-05-02 20:44:20,211,0
2025-05-02 20:45:20,209,0
2025-05-02 20:46:20,207,0
2025-05-02 20:47:20,206,0
2025-05-02 20:48:21,211,0
2025-05-02 20:49:21,222,0
2025-05-02 20:50:21,200,0
2025-05-02 20:51:21,237,0
2025-05-02 20:52:21,227,0
2025-05-02 20:53:22,154,0
2025-05-02 20:54:22,190,0
2025-05-02 20:55:22,194,0
2025-05-02 20:56:22,199,0
2025-05-02 20:57:22,197,0
2025-05-02 20:58:22,224,0
2025-05-02 20:59:23,234,0
2025-05-02 21:00:23,262,0
2025-05-02 21:01:23,231,0
2025-05-02 21:02:23,224,0
2025-05-02 21:03:23,221,0
2025-05-02 21:04:23,213,0
2025-05-02 21:05:24,350,0
2025-05-02 21:06:24,466,0
2025-05-02 21:07:24,452,0
2025-05-02 21:08:24,186,0
2025-05-02 21:09:25,167,0
2025-05-02 21:10:25,167,0
2025-05-02 21:11:25,166,0
2025-05-02 21:12:25,167,0
2025-05-02 21:13:25,167,0
2025-05-02 21:14:26,185,0
2025-05-02 21:15:26,197,0
2025-05-02 21:16:26,198,0
2025-05-02 21:17:26,207,0
2025-05-02 21:18:26,203,0
2025-05-02 21:19:26,203,0
2025-05-02 21:20:27,200,0
2025-05-02 21:21:27,203,0
2025-05-02 21:22:27,203,0
2025-05-02 21:23:27,203,0
2025-05-02 21:24:27,202,0
2025-05-02 21:25:27,202,0
2025-05-02 21:26:28,202,0
2025-05-02 21:27:28,202,0
2025-05-02 21:28:28,205,0
2025-05-02 21:29:28,202,0
2025-05-02 21:30:28,201,0
2025-05-02 21:31:28,204,0
2025-05-02 21:32:29,314,0
2025-05-02 21:33:29,227,0
2025-05-02 21:34:29,194,0
2025-05-02 21:35:29,183,0
2025-05-02 21:36:29,180,0
2025-05-02 21:37:30,180,0
2025-05-02 21:38:30,180,0
2025-05-02 21:39:30,180,0
2025-05-02 21:40:30,180,0
2025-05-02 21:41:30,181,0
2025-05-02 21:42:30,181,0
2025-05-02 21:43:31,180,0
2025-05-02 21:44:31,181,0
2025-05-02 21:45:31,180,0
2025-05-02 21:46:31,181,0
2025-05-02 21:47:31,209,0
2025-05-02 21:48:32,195,0
2025-05-02 21:49:32,242,0
2025-05-02 21:50:32,345,0
2025-05-02 21:51:32,255,0
2025-05-02 21:52:32,262,0
2025-05-02 21:53:32,247,0
2025-05-02 21:54:33,208,0
2025-05-02 21:55:33,208,0
2025-05-02 21:56:33,260,0
2025-05-02 21:57:33,276,0
2025-05-02 21:58:33,226,0
2025-05-02 21:59:34,252,0
2025-05-02 22:00:34,207,0
2025-05-02 22:01:34,207,0
2025-05-02 22:02:34,213,0
2025-05-02 22:03:34,245,0
2025-05-02 22:04:34,250,0
2025-05-02 22:05:35,248,0
2025-05-02 22:06:35,248,0
2025-05-02 22:07:35,247,0
2025-05-02 22:08:35,211,0
2025-05-02 22:09:35,251,0
2025-05-02 22:10:35,247,0
2025-05-02 22:11:36,207,0
2025-05-02 22:12:36,209,0
2025-05-02 22:13:36,262,0
2025-05-02 22:14:36,323,0
2025-05-02 22:15:36,286,0
2025-05-02 22:16:37,297,0
2025-05-02 22:17:37,301,0
2025-05-02 22:18:37,277,0
2025-05-02 22:19:37,214,0
2025-05-02 22:20:37,215,0
2025-05-02 22:21:37,215,0
2025-05-02 22:22:38,215,0
2025-05-02 22:23:38,222,0
2025-05-02 22:24:38,202,0
2025-05-02 22:25:38,181,0
2025-05-02 22:26:38,227,0
2025-05-02 22:27:39,250,0
2025-05-02 22:28:39,251,0
2025-05-02 22:29:39,251,0
2025-05-02 22:30:39,253,0
2025-05-02 22:31:39,253,0
2025-05-02 22:32:39,235,0
2025-05-02 22:33:40,261,0
2025-05-02 22:34:40,250,0
2025-05-02 22:35:40,316,0
2025-05-02 22:36:40,314,0
2025-05-02 22:37:40,314,0
2025-05-02 22:38:40,308,0
2025-05-02 22:39:41,266,0
2025-05-02 22:40:41,282,0
2025-05-02 22:41:41,313,0
2025-05-02 22:42:41,313,0
2025-05-02 22:43:41,314,0
2025-05-02 22:44:42,313,0
2025-05-02 22:45:42,299,0
2025-05-02 22:46:42,313,0
2025-05-02 22:47:42,310,0
2025-05-02 22:48:42,261,0
2025-05-02 22:49:42,250,0
2025-05-02 22:50:42,251,0
2025-05-02 22:51:43,251,0
2025-05-02 22:52:43,251,0
2025-05-02 22:53:43,251,0
2025-05-02 22:54:43,449,0
2025-05-02 22:55:43,2135,0
2025-05-02 22:56:44,2133,0
2025-05-02 22:57:44,1218,0
2025-05-02 22:58:44,1336,0
2025-05-02 22:59:44,1417,0
2025-05-02 23:00:44,1471,0
2025-05-02 23:01:44,1328,0
2025-05-02 23:02:45,1327,0
2025-05-02 23:03:45,1379,0
2025-05-02 23:04:45,1438,0
2025-05-02 23:05:45,1403,0
2025-05-02 23:06:45,1325,0
2025-05-02 23:07:46,1322,0
2025-05-02 23:08:46,461,0
2025-05-02 23:09:46,244,0
2025-05-02 23:10:46,244,0
2025-05-02 23:11:46,254,0
2025-05-02 23:12:46,255,0
2025-05-02 23:13:47,254,0
2025-05-02 23:14:47,253,0
2025-05-02 23:15:47,251,0
2025-05-02 23:16:47,251,0
2025-05-02 23:17:47,251,0
2025-05-02 23:18:47,259,0
2025-05-02 23:19:48,241,0
2025-05-02 23:20:48,250,0
2025-05-02 23:21:48,247,0
2025-05-02 23:22:48,244,0
2025-05-02 23:23:48,229,0
2025-05-02 23:24:49,191,0
2025-05-02 23:25:49,212,0
2025-05-02 23:26:49,307,0
2025-05-02 23:27:49,325,0
2025-05-02 23:28:49,178,0
2025-05-02 23:29:49,179,0
2025-05-02 23:30:50,179,0
2025-05-02 23:31:50,180,0
2025-05-02 23:32:50,181,0
2025-05-02 23:33:50,180,0
2025-05-02 23:34:50,180,0
2025-05-02 23:35:50,181,0
2025-05-02 23:36:51,182,0
2025-05-02 23:37:51,181,0
2025-05-02 23:38:51,181,0
2025-05-02 23:39:51,183,0
2025-05-02 23:40:51,182,0
2025-05-02 23:41:52,182,0
2025-05-02 23:42:52,184,0
2025-05-02 23:43:52,184,0
2025-05-02 23:44:52,184,0
2025-05-02 23:45:52,283,0
2025-05-02 23:46:52,297,0
2025-05-02 23:47:53,251,0
2025-05-02 23:48:53,209,0
2025-05-02 23:49:53,227,0
2025-05-02 23:50:53,277,0
2025-05-02 23:51:53,319,0
2025-05-02 23:52:53,339,0
2025-05-02 23:53:54,330,0
2025-05-02 23:54:54,308,0
2025-05-02 23:55:54,268,0
2025-05-02 23:56:54,261,0
2025-05-02 23:57:54,244,0
2025-05-02 23:58:55,230,0
2025-05-02 23:59:55,221,0
2025-05-03 00:00:55,222,0
2025-05-03 00:01:55,222,0
2025-05-03 00:02:55,170,0
2025-05-03 00:03:55,188,0
2025-05-03 00:04:56,265,0
2025-05-03 00:05:56,221,0
2025-05-03 00:06:56,173,0
2025-05-03 00:07:56,161,0
2025-05-03 00:08:56,167,0
2025-05-03 00:09:56,163,0
2025-05-03 00:10:57,163,0
2025-05-03 00:11:57,162,0
2025-05-03 00:12:57,161,0
2025-05-03 00:13:57,161,0
2025-05-03 00:14:57,161,0
2025-05-03 00:15:57,164,0
2025-05-03 00:16:58,163,0
2025-05-03 00:17:58,161,0
2025-05-03 00:18:58,161,0
2025-05-03 00:19:58,161,0
2025-05-03 00:20:58,160,0
2025-05-03 00:21:59,160,0
2025-05-03 00:22:59,160,0
2025-05-03 00:23:59,160,0
2025-05-03 00:24:59,160,0
2025-05-03 00:25:59,124,0
2025-05-03 00:26:59,158,0
2025-05-03 00:28:00,258,0
2025-05-03 00:29:00,259,0
2025-05-03 00:30:00,514,0
2025-05-03 00:31:00,253,0
2025-05-03 00:32:00,251,0
2025-05-03 00:33:01,245,0
2025-05-03 00:34:01,249,0
2025-05-03 00:35:01,251,0
2025-05-03 00:36:01,259,0
2025-05-03 00:37:01,293,0
2025-05-03 00:38:01,293,0
2025-05-03 00:39:02,293,0
2025-05-03 00:40:02,293,0
2025-05-03 00:41:02,283,0
2025-05-03 00:42:02,277,0
2025-05-03 00:43:02,278,0
2025-05-03 00:44:02,277,0
2025-05-03 00:45:03,154,0
2025-05-03 00:46:03,125,0
2025-05-03 00:47:03,131,0
2025-05-03 00:48:03,151,0
2025-05-03 00:49:03,154,0
2025-05-03 00:50:03,156,0
2025-05-03 00:51:04,157,0
2025-05-03 00:52:04,159,0
2025-05-03 00:53:04,145,0
2025-05-03 00:54:04,137,0
2025-05-03 00:55:04,143,0
2025-05-03 00:56:04,144,0
2025-05-03 00:57:05,146,0
2025-05-03 00:58:05,143,0
2025-05-03 00:59:05,143,0
2025-05-03 01:00:05,143,0
2025-05-03 01:01:05,128,0
2025-05-03 01:02:06,128,0
2025-05-03 01:03:06,127,0
2025-05-03 01:04:06,128,0
2025-05-03 01:05:06,127,0
2025-05-03 01:06:06,142,0
2025-05-03 01:07:06,130,0
2025-05-03 01:08:07,126,0
2025-05-03 01:09:07,125,0
2025-05-03 01:10:07,122,0
2025-05-03 01:11:07,122,0
2025-05-03 01:12:07,122,0
2025-05-03 01:13:07,122,0
2025-05-03 01:14:08,121,0
2025-05-03 01:15:08,120,0
2025-05-03 01:16:08,121,0
2025-05-03 01:17:08,118,0
2025-05-03 01:18:08,113,0
2025-05-03 01:19:08,115,0
2025-05-03 01:20:09,117,0
2025-05-03 01:21:09,119,0
2025-05-03 01:22:09,119,0
2025-05-03 01:23:09,117,0
2025-05-03 01:24:09,117,0
2025-05-03 01:25:09,116,0
2025-05-03 01:26:10,116,0
2025-05-03 01:27:10,115,0
2025-05-03 01:28:10,114,0
2025-05-03 01:29:10,118,0
2025-05-03 01:30:10,119,0
2025-05-03 01:31:10,118,0
2025-05-03 01:32:11,118,0
2025-05-03 01:33:11,119,0
2025-05-03 01:34:11,149,0
2025-05-03 01:35:11,143,0
2025-05-03 01:36:11,124,0
2025-05-03 01:37:11,232,0
2025-05-03 01:38:12,692,0
2025-05-03 01:39:12,695,0
2025-05-03 01:40:12,721,0
2025-05-03 01:41:12,731,0
2025-05-03 01:42:12,668,0
2025-05-03 01:43:12,131,0
2025-05-03 01:44:13,119,0
2025-05-03 01:45:13,119,0
2025-05-03 01:46:13,118,0
2025-05-03 01:47:13,124,0
2025-05-03 01:48:13,116,0
2025-05-03 01:49:13,116,0
2025-05-03 01:50:14,116,0
2025-05-03 01:51:14,116,0
2025-05-03 01:52:14,115,0
2025-05-03 01:53:14,115,0
2025-05-03 01:54:14,115,0
2025-05-03 01:55:14,115,0
2025-05-03 01:56:15,113,0
2025-05-03 01:57:15,114,0
2025-05-03 01:58:15,113,0
2025-05-03 01:59:15,113,0
2025-05-03 02:00:15,113,0
2025-05-03 02:01:16,113,0
2025-05-03 02:02:16,113,0
2025-05-03 02:03:16,113,0
2025-05-03 02:04:16,112,0
2025-05-03 02:05:16,112,0
2025-05-03 02:06:16,112,0
2025-05-03 02:07:17,111,0
2025-05-03 02:08:17,109,0
2025-05-03 02:09:17,108,0
2025-05-03 02:10:17,108,0
2025-05-03 02:11:17,108,0
2025-05-03 02:12:17,110,0
2025-05-03 02:13:18,109,0
2025-05-03 02:14:18,108,0
2025-05-03 02:15:18,107,0
2025-05-03 02:16:18,109,0
2025-05-03 02:17:18,108,0
2025-05-03 02:18:18,108,0
2025-05-03 02:19:19,108,0
2025-05-03 02:20:19,108,0
2025-05-03 02:21:19,108,0
2025-05-03 02:22:19,109,0
2025-05-03 02:23:19,108,0
2025-05-03 02:24:19,108,0
2025-05-03 02:25:20,107,0
2025-05-03 02:26:20,107,0
2025-05-03 02:27:20,107,0
2025-05-03 02:28:20,107,0
2025-05-03 02:29:20,107,0
2025-05-03 02:30:20,107,0
2025-05-03 02:31:21,107,0
2025-05-03 02:32:21,107,0
2025-05-03 02:33:21,106,0
2025-05-03 02:34:21,105,0
2025-05-03 02:35:21,104,0
2025-05-03 02:36:21,104,0
2025-05-03 02:37:22,105,0
2025-05-03 02:38:22,104,0
2025-05-03 02:39:22,105,0
2025-05-03 02:40:22,105,0
2025-05-03 02:41:22,104,0
2025-05-03 02:42:23,205,0
2025-05-03 02:43:23,249,0
2025-05-03 02:44:23,104,0
2025-05-03 02:45:23,105,0
2025-05-03 02:46:23,104,0
2025-05-03 02:47:23,106,0
2025-05-03 02:48:24,107,0
2025-05-03 02:49:24,107,0
2025-05-03 02:50:24,107,0
2025-05-03 02:51:24,106,0
2025-05-03 02:52:24,105,0
2025-05-03 02:53:24,105,0
2025-05-03 02:54:25,104,0
2025-05-03 02:55:25,105,0
2025-05-03 02:56:25,104,0
2025-05-03 02:57:25,104,0
2025-05-03 02:58:25,103,0
2025-05-03 02:59:26,104,0
2025-05-03 03:00:26,109,0
2025-05-03 03:01:26,107,0
2025-05-03 03:02:26,107,0
2025-05-03 03:03:26,107,0
2025-05-03 03:04:26,107,0
2025-05-03 03:05:27,106,0
2025-05-03 03:06:27,104,0
2025-05-03 03:07:27,105,0
2025-05-03 03:08:27,104,0
2025-05-03 03:09:27,104,0
2025-05-03 03:10:27,104,0
2025-05-03 03:11:28,103,0
2025-05-03 03:12:28,82,0
2025-05-03 03:13:28,67,0
2025-05-03 03:14:28,67,0
2025-05-03 03:15:28,66,0
2025-05-03 03:16:28,66,0
2025-05-03 03:17:29,66,0
2025-05-03 03:18:29,66,0
2025-05-03 03:19:29,66,0
2025-05-03 03:20:29,66,0
2025-05-03 03:21:29,67,0
2025-05-03 03:22:30,65,0
2025-05-03 03:23:30,66,0
2025-05-03 03:24:30,65,0
2025-05-03 03:25:30,65,0
2025-05-03 03:26:30,65,0
2025-05-03 03:27:30,88,0
2025-05-03 03:28:31,97,0
2025-05-03 03:29:31,103,0
2025-05-03 03:30:31,104,0
2025-05-03 03:31:31,105,0
2025-05-03 03:32:31,102,0
2025-05-03 03:33:31,103,0
2025-05-03 03:34:32,102,0
2025-05-03 03:35:32,102,0
2025-05-03 03:36:32,102,0
2025-05-03 03:37:32,103,0
2025-05-03 03:38:32,102,0
2025-05-03 03:39:32,102,0
2025-05-03 03:40:33,101,0
2025-05-03 03:41:33,102,0
2025-05-03 03:42:33,101,0
2025-05-03 03:43:33,108,0
2025-05-03 03:44:33,101,0
2025-05-03 03:45:34,101,0
2025-05-03 03:46:34,101,0
2025-05-03 03:47:34,101,0
2025-05-03 03:48:34,101,0
2025-05-03 03:49:34,101,0
2025-05-03 03:50:34,100,0
2025-05-03 03:51:35,99,0
2025-05-03 03:52:35,100,0
2025-05-03 03:53:35,99,0
2025-05-03 03:54:35,100,0
2025-05-03 03:55:35,99,0
2025-05-03 03:56:35,98,0
2025-05-03 03:57:36,97,0
2025-05-03 03:58:36,97,0
2025-05-03 03:59:36,97,0
2025-05-03 04:00:36,97,0
2025-05-03 04:01:36,95,0
2025-05-03 04:02:36,95,0
2025-05-03 04:03:37,95,0
2025-05-03 04:04:37,94,0
2025-05-03 04:05:37,94,0
2025-05-03 04:06:37,94,0
2025-05-03 04:07:37,94,0
2025-05-03 04:08:37,94,0
2025-05-03 04:09:38,94,0
2025-05-03 04:10:38,93,0
2025-05-03 04:11:38,73,0
2025-05-03 04:12:38,62,0
2025-05-03 04:13:38,62,0
2025-05-03 04:14:39,63,0
2025-05-03 04:15:39,62,0
2025-05-03 04:16:39,62,0
2025-05-03 04:17:39,62,0
2025-05-03 04:18:39,62,0
2025-05-03 04:19:39,62,0
2025-05-03 04:20:40,62,0
2025-05-03 04:21:40,62,0
2025-05-03 04:22:40,62,0
2025-05-03 04:23:40,62,0
2025-05-03 04:24:40,71,0
2025-05-03 04:25:40,73,0
2025-05-03 04:26:41,72,0
2025-05-03 04:27:41,71,0
2025-05-03 04:28:41,71,0
2025-05-03 04:29:41,71,0
2025-05-03 04:30:41,77,0
2025-05-03 04:31:42,106,0
2025-05-03 04:32:42,106,0
2025-05-03 04:33:42,108,0
2025-05-03 04:34:42,109,0
2025-05-03 04:35:42,109,0
2025-05-03 04:36:42,108,0
2025-05-03 04:37:43,108,0
2025-05-03 04:38:43,108,0
2025-05-03 04:39:43,107,0
2025-05-03 04:40:43,107,0
2025-05-03 04:41:43,107,0
2025-05-03 04:42:43,107,0
2025-05-03 04:43:44,114,0
2025-05-03 04:44:44,106,0
2025-05-03 04:45:44,107,0
2025-05-03 04:46:44,108,0
2025-05-03 04:47:44,107,0
2025-05-03 04:48:45,106,0
2025-05-03 04:49:45,106,0
2025-05-03 04:50:45,106,0
2025-05-03 04:51:45,106,0
2025-05-03 04:52:45,106,0
2025-05-03 04:53:45,106,0
2025-05-03 04:54:46,106,0
2025-05-03 04:55:46,105,0
2025-05-03 04:56:46,105,0
2025-05-03 04:57:46,105,0
2025-05-03 04:58:46,102,0
2025-05-03 04:59:46,103,0
2025-05-03 05:00:47,102,0
2025-05-03 05:01:47,101,0
2025-05-03 05:02:47,101,0
2025-05-03 05:03:47,100,0
2025-05-03 05:04:47,100,0
2025-05-03 05:05:47,99,0
2025-05-03 05:06:48,99,0
2025-05-03 05:07:48,98,0
2025-05-03 05:08:48,98,0
2025-05-03 05:09:48,97,0
2025-05-03 05:10:48,97,0
2025-05-03 05:11:48,97,0
2025-05-03 05:12:49,97,0
2025-05-03 05:13:49,72,0
2025-05-03 05:14:49,64,0
2025-05-03 05:15:49,65,0
2025-05-03 05:16:49,65,0
2025-05-03 05:17:50,65,0
2025-05-03 05:18:50,65,0
2025-05-03 05:19:50,64,0
2025-05-03 05:20:50,65,0
2025-05-03 05:21:50,64,0
2025-05-03 05:22:50,65,0
2025-05-03 05:23:51,64,0
2025-05-03 05:24:51,65,0
2025-05-03 05:25:51,64,0
2025-05-03 05:26:51,64,0
2025-05-03 05:27:51,64,0
2025-05-03 05:28:51,64,0
2025-05-03 05:29:52,64,0
2025-05-03 05:30:52,64,0
2025-05-03 05:31:52,64,0
2025-05-03 05:32:52,64,0
2025-05-03 05:33:52,64,0
2025-05-03 05:34:53,114,0
2025-05-03 05:35:53,210,0
2025-05-03 05:36:53,207,0
2025-05-03 05:37:53,101,0
2025-05-03 05:38:53,101,0
2025-05-03 05:39:53,100,0
2025-05-03 05:40:54,100,0
2025-05-03 05:41:54,100,0
2025-05-03 05:42:54,100,0
2025-05-03 05:43:54,100,0
2025-05-03 05:44:54,100,0
2025-05-03 05:45:54,100,0
2025-05-03 05:46:55,99,0
2025-05-03 05:47:55,99,0
2025-05-03 05:48:55,99,0
2025-05-03 05:49:55,98,0
2025-05-03 05:50:55,100,0
2025-05-03 05:51:55,98,0
2025-05-03 05:52:56,98,0
2025-05-03 05:53:56,99,0
2025-05-03 05:54:56,98,0
2025-05-03 05:55:56,98,0
2025-05-03 05:56:56,99,0
2025-05-03 05:57:56,98,0
2025-05-03 05:58:57,98,0
2025-05-03 05:59:57,97,0
2025-05-03 06:00:57,96,0
2025-05-03 06:01:57,101,0
2025-05-03 06:02:57,97,0
2025-05-03 06:03:58,96,0
2025-05-03 06:04:58,97,0
2025-05-03 06:05:58,95,0
2025-05-03 06:06:58,96,0
2025-05-03 06:07:58,95,0
2025-05-03 06:08:58,95,0
2025-05-03 06:09:59,95,0
2025-05-03 06:10:59,95,0
2025-05-03 06:11:59,95,0
2025-05-03 06:12:59,94,0
2025-05-03 06:13:59,82,0
2025-05-03 06:14:59,65,0
2025-05-03 06:16:00,64,0
2025-05-03 06:17:00,128,2
2025-05-03 06:18:00,64,0
2025-05-03 06:19:00,64,3
2025-05-03 06:20:00,58,7
2025-05-03 06:21:01,56,10
2025-05-03 06:22:01,56,17
2025-05-03 06:23:01,56,24
2025-05-03 06:24:01,56,32
2025-05-03 06:25:01,56,40
2025-05-03 06:26:01,56,47
2025-05-03 06:27:02,56,55
2025-05-03 06:28:02,57,62
2025-05-03 06:29:02,57,72
2025-05-03 06:30:02,57,82
2025-05-03 06:31:02,57,91
2025-05-03 06:32:02,57,97
2025-05-03 06:33:03,56,106
2025-05-03 06:34:03,74,113
2025-05-03 06:35:03,88,122
2025-05-03 06:36:03,98,130
2025-05-03 06:37:03,94,135
2025-05-03 06:38:03,94,139
2025-05-03 06:39:04,93,145
2025-05-03 06:40:04,93,154
2025-05-03 06:41:04,93,163
2025-05-03 06:42:04,93,173
2025-05-03 06:43:04,94,185
2025-05-03 06:44:04,92,197
2025-05-03 06:45:05,93,210
2025-05-03 06:46:05,93,223
2025-05-03 06:47:05,93,236
2025-05-03 06:48:05,92,248
2025-05-03 06:49:05,92,259
2025-05-03 06:50:05,92,269
2025-05-03 06:51:06,92,278
2025-05-03 06:52:06,91,286
2025-05-03 06:53:06,92,293
2025-05-03 06:54:06,92,301
2025-05-03 06:55:06,91,309
2025-05-03 06:56:06,92,317
2025-05-03 06:57:07,91,325
2025-05-03 06:58:07,89,335
2025-05-03 06:59:07,89,345
2025-05-03 07:00:07,89,356
2025-05-03 07:01:07,89,368
2025-05-03 07:02:07,88,378
2025-05-03 07:03:08,88,385
2025-05-03 07:04:08,88,406
2025-05-03 07:05:08,88,425
2025-05-03 07:06:08,101,441
2025-05-03 07:07:08,140,455
2025-05-03 07:08:09,96,467
2025-05-03 07:09:09,88,473
2025-05-03 07:10:09,88,482
2025-05-03 07:11:09,88,494
2025-05-03 07:12:09,70,498
2025-05-03 07:13:09,56,499
2025-05-03 07:14:10,56,507
2025-05-03 07:15:10,59,508
2025-05-03 07:16:10,58,506
2025-05-03 07:17:10,58,521
2025-05-03 07:18:10,59,545
2025-05-03 07:19:10,58,559
2025-05-03 07:20:11,59,565
2025-05-03 07:21:11,58,559
2025-05-03 07:22:11,58,546
2025-05-03 07:23:11,58,532
2025-05-03 07:24:11,58,518
2025-05-03 07:25:11,58,506
2025-05-03 07:26:12,58,514
2025-05-03 07:27:12,58,539
2025-05-03 07:28:12,58,574
2025-05-03 07:29:12,58,603
2025-05-03 07:30:12,160,650
2025-05-03 07:31:12,172,698
2025-05-03 07:32:13,94,754
2025-05-03 07:33:13,59,824
2025-05-03 07:34:13,58,938
2025-05-03 07:35:13,59,1000
2025-05-03 07:36:13,77,1049
2025-05-03 07:37:14,90,1075
2025-05-03 07:38:14,92,1096
2025-05-03 07:39:14,95,1093
2025-05-03 07:40:14,94,1073
2025-05-03 07:41:14,95,1029
2025-05-03 07:42:14,94,980
2025-05-03 07:43:15,94,933
2025-05-03 07:44:15,94,904
2025-05-03 07:45:15,94,926
2025-05-03 07:46:15,94,983
2025-05-03 07:47:15,94,1027
2025-05-03 07:48:15,94,1029
2025-05-03 07:49:16,94,1022
2025-05-03 07:50:16,94,993
2025-05-03 07:51:16,93,957
2025-05-03 07:52:16,92,916
2025-05-03 07:53:16,93,890
2025-05-03 07:54:16,92,937
2025-05-03 07:55:17,94,1001
2025-05-03 07:56:17,93,1067
2025-05-03 07:57:17,93,1167
2025-05-03 07:58:17,93,1295
2025-05-03 07:59:17,94,1445
2025-05-03 08:00:18,94,1500
2025-05-03 08:01:18,94,1596
2025-05-03 08:02:18,91,1567
2025-05-03 08:03:18,91,1613
2025-05-03 08:04:18,91,1667
2025-05-03 08:05:18,91,1567
2025-05-03 08:06:19,88,1467
2025-05-03 08:07:19,89,1399
2025-05-03 08:08:19,89,1327
2025-05-03 08:09:19,89,1237
2025-05-03 08:10:19,95,1238
2025-05-03 08:11:19,133,1201
2025-05-03 08:12:20,182,1169
2025-05-03 08:13:20,174,1190
2025-05-03 08:14:20,177,1438
2025-05-03 08:15:20,168,1677
2025-05-03 08:16:20,136,1487
2025-05-03 08:17:21,70,1171
2025-05-03 08:18:21,69,1177
2025-05-03 08:19:21,80,1151
2025-05-03 08:20:21,82,1128
2025-05-03 08:21:21,81,1228
2025-05-03 08:22:21,80,1507
2025-05-03 08:23:22,112,1839
2025-05-03 08:24:22,73,1802
2025-05-03 08:25:22,72,1585
2025-05-03 08:26:22,79,1490
2025-05-03 08:27:22,242,2381
2025-05-03 08:28:22,752,2584
2025-05-03 08:29:23,766,2520
2025-05-03 08:30:23,489,2711
2025-05-03 08:31:23,142,2723
2025-05-03 08:32:23,282,2593
2025-05-03 08:33:23,1162,2731
2025-05-03 08:34:23,179,2914
2025-05-03 08:35:24,142,2984
2025-05-03 08:36:24,628,3071
2025-05-03 08:37:24,190,3160
2025-05-03 08:38:24,695,3222
2025-05-03 08:39:24,157,3245
2025-05-03 08:40:25,173,3216
2025-05-03 08:41:25,181,3160
2025-05-03 08:42:25,218,3192
2025-05-03 08:43:25,220,3069
2025-05-03 08:44:25,176,2775
2025-05-03 08:45:25,207,2424
2025-05-03 08:46:26,1256,2568
2025-05-03 08:47:26,2294,3426
2025-05-03 08:48:26,2251,3404
2025-05-03 08:49:26,3095,2827
2025-05-03 08:50:26,4595,2623
2025-05-03 08:51:26,3239,2975
2025-05-03 08:52:27,2806,3463
2025-05-03 08:53:27,2723,2559
2025-05-03 08:54:27,2769,2513
2025-05-03 08:55:27,3536,2597
2025-05-03 08:56:27,3726,2272
2025-05-03 08:57:27,3427,2509
2025-05-03 08:58:28,3444,3589
2025-05-03 08:59:28,3856,3098
2025-05-03 09:00:28,3607,3180
2025-05-03 09:01:28,4072,3217
2025-05-03 09:02:28,2734,2561
2025-05-03 09:03:29,3315,2699
2025-05-03 09:04:29,2491,3009
2025-05-03 09:05:29,2382,3613
2025-05-03 09:06:29,2405,4306
2025-05-03 09:07:29,2430,4463
2025-05-03 09:08:29,2412,4708
2025-05-03 09:09:30,2380,4153
2025-05-03 09:10:30,2402,3630
2025-05-03 09:11:30,2077,2787
2025-05-03 09:12:30,352,2233
2025-05-03 09:13:30,858,2156
2025-05-03 09:14:30,286,2371
2025-05-03 09:15:31,388,2018
2025-05-03 09:16:31,406,2009
2025-05-03 09:17:31,245,2125
2025-05-03 09:18:31,277,2326
2025-05-03 09:19:31,279,2816
2025-05-03 09:20:32,316,2915
2025-05-03 09:21:32,362,2721
2025-05-03 09:22:32,384,2207
2025-05-03 09:23:32,260,2370
2025-05-03 09:24:32,275,2417
2025-05-03 09:25:32,275,2529
2025-05-03 09:26:33,278,2820
2025-05-03 09:27:33,365,3682
2025-05-03 09:28:33,319,3256
2025-05-03 09:29:33,391,3834
2025-05-03 09:30:33,404,3970
2025-05-03 09:31:33,268,3221
2025-05-03 09:32:34,220,3154
2025-05-03 09:33:34,277,2851
2025-05-03 09:34:34,284,3001
2025-05-03 09:35:34,241,2719
2025-05-03 09:36:34,233,2476
2025-05-03 09:37:35,236,2777
2025-05-03 09:38:35,241,3466
2025-05-03 09:39:35,220,3621
2025-05-03 09:40:35,221,2952
2025-05-03 09:41:35,250,3135
2025-05-03 09:42:35,250,2972
2025-05-03 09:43:36,231,2578
2025-05-03 09:44:36,207,2635
2025-05-03 09:45:36,347,3022
2025-05-03 09:46:36,440,3649
2025-05-03 09:47:36,2091,3364
2025-05-03 09:48:36,2436,3943
2025-05-03 09:49:37,2370,3572
2025-05-03 09:50:37,2351,3147
2025-05-03 09:51:37,2347,3267
2025-05-03 09:52:37,2375,4064
2025-05-03 09:53:37,2308,2986
2025-05-03 09:54:37,2344,2806
2025-05-03 09:55:38,2291,2552
2025-05-03 09:56:38,2296,3092
2025-05-03 09:57:38,1145,3480
2025-05-03 09:58:38,277,4450
2025-05-03 09:59:38,338,5309
2025-05-03 10:00:39,388,5306
2025-05-03 10:01:39,497,5248
2025-05-03 10:02:39,218,4205
2025-05-03 10:03:39,247,2705
2025-05-03 10:04:39,781,2610
2025-05-03 10:05:39,2345,2614
2025-05-03 10:06:40,2337,3391
2025-05-03 10:07:40,2341,4037
2025-05-03 10:08:40,2285,3893
2025-05-03 10:09:40,2242,3163
2025-05-03 10:10:40,2217,2812
2025-05-03 10:11:40,2222,2729
2025-05-03 10:12:41,374,2537
2025-05-03 10:13:41,195,2426
2025-05-03 10:14:41,205,2425
2025-05-03 10:15:41,203,2441
2025-05-03 10:16:41,204,2521
2025-05-03 10:17:42,358,2702
2025-05-03 10:18:42,482,3328
2025-05-03 10:19:42,847,4282
2025-05-03 10:20:42,2255,4120
2025-05-03 10:21:42,2234,2719
2025-05-03 10:22:42,2237,3025
2025-05-03 10:23:43,431,3211
2025-05-03 10:24:43,245,3336
2025-05-03 10:25:43,1275,3449
2025-05-03 10:26:43,2283,4008
2025-05-03 10:27:43,2186,4139
2025-05-03 10:28:43,2168,3338
2025-05-03 10:29:44,2149,3164
2025-05-03 10:30:44,2185,3284
2025-05-03 10:31:44,2216,3131
2025-05-03 10:32:44,2254,3062
2025-05-03 10:33:44,2309,3038
2025-05-03 10:34:45,1337,3428
2025-05-03 10:35:45,1812,3725
2025-05-03 10:36:45,1982,3325
2025-05-03 10:37:45,321,3557
2025-05-03 10:38:45,388,2964
2025-05-03 10:39:45,236,2919
2025-05-03 10:40:46,237,2882
2025-05-03 10:41:46,198,2891
2025-05-03 10:42:46,181,3027
2025-05-03 10:43:46,185,3322
2025-05-03 10:44:46,170,3785
2025-05-03 10:45:47,158,3799
